-- phpMyAdmin SQL Dump
-- version 4.7.4
-- https://www.phpmyadmin.net/
--
-- Servidor: 127.0.0.1
-- Tiempo de generación: 10-06-2018 a las 03:03:23
-- Versión del servidor: 10.1.30-MariaDB
-- Versión de PHP: 7.1.13

SET SQL_MODE = "NO_AUTO_VALUE_ON_ZERO";
SET AUTOCOMMIT = 0;
START TRANSACTION;
SET time_zone = "+00:00";


/*!40101 SET @OLD_CHARACTER_SET_CLIENT=@@CHARACTER_SET_CLIENT */;
/*!40101 SET @OLD_CHARACTER_SET_RESULTS=@@CHARACTER_SET_RESULTS */;
/*!40101 SET @OLD_COLLATION_CONNECTION=@@COLLATION_CONNECTION */;
/*!40101 SET NAMES utf8mb4 */;

--
-- Base de datos: `ejemplos`
--

-- --------------------------------------------------------

--
-- Estructura de tabla para la tabla `asistencia`
--

CREATE TABLE `asistencia` (
  `ID_ASISTENCIA` int(11) NOT NULL,
  `CODIGO` int(11) NOT NULL,
  `FECHA_ASISTENCIA` date NOT NULL
) ENGINE=InnoDB DEFAULT CHARSET=latin1;

--
-- Volcado de datos para la tabla `asistencia`
--

INSERT INTO `asistencia` (`ID_ASISTENCIA`, `CODIGO`, `FECHA_ASISTENCIA`) VALUES
(46, 2009872874, '2018-06-01'),
(47, 2009872875, '2018-06-01'),
(48, 2009872876, '2018-06-01'),
(49, 2009872877, '2018-06-01'),
(50, 2009872878, '2018-06-01'),
(51, 2009872879, '2018-06-01'),
(52, 2009872880, '2018-06-01'),
(53, 2009872881, '2018-06-01'),
(54, 2009872882, '2018-06-01'),
(55, 2009872883, '2018-06-01'),
(56, 2009872884, '2018-06-01'),
(57, 2009872885, '2018-06-01'),
(58, 2009872886, '2018-06-01'),
(59, 2009872887, '2018-06-01'),
(60, 2009872888, '2018-06-01'),
(61, 2009872889, '2018-06-01'),
(62, 2009872890, '2018-06-01'),
(63, 2009872891, '2018-06-01'),
(64, 2009872892, '2018-06-01'),
(65, 2009872893, '2018-06-01'),
(66, 2009872894, '2018-06-01'),
(67, 2009872895, '2018-06-01'),
(68, 2009872896, '2018-06-01'),
(69, 2009872897, '2018-06-01'),
(70, 2009872898, '2018-06-01'),
(71, 2009872899, '2018-06-01'),
(72, 2009872900, '2018-06-01'),
(73, 2009872901, '2018-06-01'),
(74, 2009872902, '2018-06-01'),
(75, 2009872903, '2018-06-01'),
(76, 2009872904, '2018-06-01'),
(77, 2009872905, '2018-06-01'),
(78, 2009872906, '2018-06-01'),
(79, 2009872907, '2018-06-01'),
(80, 2009872908, '2018-06-01'),
(81, 2009872909, '2018-06-01'),
(82, 2009872910, '2018-06-01'),
(83, 2009872911, '2018-06-01'),
(84, 2009872912, '2018-06-01'),
(85, 2009872913, '2018-06-01'),
(86, 2009872914, '2018-06-01'),
(87, 2009872915, '2018-06-01'),
(88, 2009872916, '2018-06-01'),
(89, 2009872917, '2018-06-01'),
(90, 2009872918, '2018-06-01'),
(91, 2009872919, '2018-06-01'),
(92, 2009872920, '2018-06-01'),
(93, 2009872921, '2018-06-01'),
(94, 2009872922, '2018-06-01'),
(95, 2009872923, '2018-06-01'),
(96, 2009872924, '2018-06-01'),
(97, 2009872925, '2018-06-01'),
(98, 2009872926, '2018-06-01'),
(99, 2009872927, '2018-06-01'),
(100, 2009872928, '2018-06-01'),
(101, 2009872929, '2018-06-01'),
(102, 2009872930, '2018-06-01'),
(103, 2009872931, '2018-06-01'),
(104, 2009872932, '2018-06-01'),
(105, 2009872933, '2018-06-01'),
(106, 2009872934, '2018-06-01'),
(107, 2009872935, '2018-06-01'),
(108, 2009872936, '2018-06-01'),
(109, 2009872937, '2018-06-01'),
(110, 2009872938, '2018-06-01'),
(111, 2009872939, '2018-06-01'),
(112, 2009872940, '2018-06-01'),
(113, 2009872941, '2018-06-01'),
(114, 2009872942, '2018-06-01'),
(115, 2009872943, '2018-06-01'),
(116, 2009872944, '2018-06-01'),
(117, 2009872945, '2018-06-01'),
(118, 2009872946, '2018-06-01'),
(119, 2009872947, '2018-06-01'),
(120, 2009872948, '2018-06-01'),
(121, 2009872949, '2018-06-01'),
(122, 2009872950, '2018-06-01'),
(123, 2009872951, '2018-06-01'),
(124, 2009872952, '2018-06-01'),
(125, 2009872953, '2018-06-01'),
(126, 2009872954, '2018-06-01'),
(127, 2009872955, '2018-06-01'),
(128, 2009872956, '2018-06-01'),
(129, 2009872957, '2018-06-01'),
(130, 2009872958, '2018-06-01'),
(131, 2009872959, '2018-06-01'),
(132, 2009872960, '2018-06-01'),
(133, 2009872961, '2018-06-01'),
(134, 2009872962, '2018-06-01'),
(135, 2009872963, '2018-06-01'),
(136, 2009872964, '2018-06-01'),
(137, 2009872965, '2018-06-01'),
(138, 2009872966, '2018-06-01'),
(139, 2009872967, '2018-06-01'),
(140, 2009872968, '2018-06-01'),
(141, 2009872969, '2018-06-01'),
(142, 2009872970, '2018-06-01'),
(143, 2009872971, '2018-06-01'),
(144, 2009872972, '2018-06-01'),
(145, 2009872973, '2018-06-01'),
(146, 2009872974, '2018-06-01'),
(147, 2009872975, '2018-06-01'),
(148, 2009872976, '2018-06-01'),
(149, 2009872977, '2018-06-01'),
(150, 2009872978, '2018-06-01'),
(151, 2009872979, '2018-06-01'),
(152, 2009872980, '2018-06-01'),
(153, 2009872981, '2018-06-01'),
(154, 2009872982, '2018-06-01'),
(155, 2009872983, '2018-06-01'),
(156, 2009872984, '2018-06-01'),
(157, 2009872985, '2018-06-01'),
(158, 2009872986, '2018-06-01'),
(159, 2009872987, '2018-06-01'),
(160, 2009872988, '2018-06-01'),
(161, 2009872989, '2018-06-01'),
(162, 2009872990, '2018-06-01'),
(163, 2009872991, '2018-06-01'),
(164, 2009872992, '2018-06-01'),
(165, 2009872993, '2018-06-01'),
(166, 2009872994, '2018-06-01'),
(167, 2009872995, '2018-06-01'),
(168, 2009872996, '2018-06-01'),
(169, 2009872997, '2018-06-01'),
(170, 2009872998, '2018-06-01'),
(171, 2009872999, '2018-06-01'),
(172, 2009873000, '2018-06-01'),
(173, 2009873001, '2018-06-01'),
(174, 2009873002, '2018-06-01'),
(175, 2009873003, '2018-06-01'),
(176, 2009873004, '2018-06-01'),
(177, 2009873005, '2018-06-01'),
(178, 2009873006, '2018-06-01'),
(179, 2009873007, '2018-06-01'),
(180, 2009873008, '2018-06-01'),
(181, 2009873009, '2018-06-01'),
(182, 2009873010, '2018-06-01'),
(183, 2009873011, '2018-06-01'),
(184, 2009873012, '2018-06-01'),
(185, 2009873013, '2018-06-01'),
(186, 2009873014, '2018-06-01'),
(187, 2009873015, '2018-06-01'),
(188, 2009873016, '2018-06-01'),
(189, 2009873017, '2018-06-01'),
(190, 2009873018, '2018-06-01'),
(191, 2009873019, '2018-06-01'),
(192, 2009873020, '2018-06-01'),
(193, 2009873021, '2018-06-01'),
(194, 2009873022, '2018-06-01'),
(195, 2009873023, '2018-06-01'),
(196, 2009873024, '2018-06-01'),
(197, 2009873025, '2018-06-01'),
(198, 2009873026, '2018-06-01'),
(199, 2009873027, '2018-06-01'),
(200, 2009873028, '2018-06-01'),
(201, 2009873029, '2018-06-01'),
(202, 2009873030, '2018-06-01'),
(203, 2009873031, '2018-06-01'),
(204, 2009873032, '2018-06-01'),
(205, 2009873033, '2018-06-01'),
(206, 2009873034, '2018-06-01'),
(207, 2009873035, '2018-06-01'),
(208, 2009873036, '2018-06-01'),
(209, 2009873037, '2018-06-01'),
(210, 2009873038, '2018-06-01'),
(211, 2009873039, '2018-06-01'),
(212, 2009873040, '2018-06-01'),
(213, 2009873041, '2018-06-01'),
(214, 2009873042, '2018-06-01'),
(215, 2009873043, '2018-06-01'),
(216, 2009873044, '2018-06-01'),
(217, 2009873045, '2018-06-01'),
(218, 2009873046, '2018-06-01'),
(219, 2009873047, '2018-06-01'),
(220, 2009873048, '2018-06-01'),
(221, 2009873049, '2018-06-01'),
(222, 2009873050, '2018-06-01'),
(223, 2009873051, '2018-06-01'),
(224, 2009873052, '2018-06-01'),
(225, 2009873053, '2018-06-01'),
(226, 2009873054, '2018-06-01'),
(227, 2009873055, '2018-06-01'),
(228, 2009873056, '2018-06-01'),
(229, 2009873057, '2018-06-01'),
(230, 2009873058, '2018-06-01'),
(231, 2009873059, '2018-06-01'),
(232, 2009873060, '2018-06-01'),
(233, 2009873061, '2018-06-01'),
(234, 2009873062, '2018-06-01'),
(235, 2009873063, '2018-06-01'),
(236, 2009873064, '2018-06-01'),
(237, 2009873065, '2018-06-01'),
(238, 2009873066, '2018-06-01'),
(239, 2009873067, '2018-06-01'),
(240, 2009873068, '2018-06-01'),
(241, 2009873069, '2018-06-01'),
(242, 2009873070, '2018-06-01'),
(243, 2009873071, '2018-06-01'),
(244, 2009873072, '2018-06-01'),
(245, 2009873073, '2018-06-01'),
(246, 2009873074, '2018-06-01'),
(247, 2009873075, '2018-06-01'),
(248, 2009873076, '2018-06-01'),
(249, 2009873077, '2018-06-01'),
(250, 2009873078, '2018-06-01'),
(251, 2009873079, '2018-06-01'),
(252, 2009873080, '2018-06-01'),
(253, 2009873081, '2018-06-01'),
(254, 2009873082, '2018-06-01'),
(255, 2009873083, '2018-06-01'),
(256, 2009873084, '2018-06-01'),
(257, 2009873085, '2018-06-01'),
(258, 2009873086, '2018-06-01'),
(259, 2009873087, '2018-06-01'),
(260, 2009873088, '2018-06-01'),
(261, 2009873089, '2018-06-01'),
(262, 2009873090, '2018-06-01'),
(263, 2009873091, '2018-06-01'),
(264, 2009873092, '2018-06-01'),
(265, 2009873093, '2018-06-01'),
(266, 2009873094, '2018-06-01'),
(267, 2009873095, '2018-06-01'),
(268, 2009873096, '2018-06-01'),
(269, 2009873097, '2018-06-01'),
(270, 2009873098, '2018-06-01'),
(271, 2009873099, '2018-06-01'),
(272, 2009873100, '2018-06-01'),
(273, 2009873101, '2018-06-01'),
(274, 2009873102, '2018-06-01'),
(275, 2009873103, '2018-06-01'),
(276, 2009873104, '2018-06-01'),
(277, 2009873105, '2018-06-01'),
(278, 2009873106, '2018-06-01'),
(279, 2009873107, '2018-06-01'),
(280, 2009873108, '2018-06-01'),
(281, 2009873109, '2018-06-01'),
(282, 2009873110, '2018-06-01'),
(283, 2009873111, '2018-06-01'),
(284, 2009873112, '2018-06-01'),
(285, 2009873113, '2018-06-01'),
(286, 2009873114, '2018-06-01'),
(287, 2009873115, '2018-06-01'),
(288, 2009873116, '2018-06-01'),
(289, 2009873117, '2018-06-01'),
(290, 2009873118, '2018-06-01'),
(291, 2009873119, '2018-06-01'),
(292, 2009873120, '2018-06-01'),
(293, 2009873121, '2018-06-01'),
(294, 2009873122, '2018-06-01'),
(295, 2009873123, '2018-06-01'),
(296, 2009873124, '2018-06-01'),
(297, 2009873125, '2018-06-01'),
(298, 2009873126, '2018-06-01'),
(299, 2009873127, '2018-06-01'),
(300, 2009873128, '2018-06-01'),
(301, 2009873129, '2018-06-01'),
(302, 2009873130, '2018-06-01'),
(303, 2009873131, '2018-06-01'),
(304, 2009873132, '2018-06-01'),
(305, 2009873133, '2018-06-01'),
(306, 2009873134, '2018-06-01'),
(307, 2009873135, '2018-06-01'),
(308, 2009873136, '2018-06-01'),
(309, 2009873137, '2018-06-01'),
(310, 2009873138, '2018-06-01'),
(311, 2009873139, '2018-06-01'),
(312, 2009873140, '2018-06-01'),
(313, 2009873141, '2018-06-01'),
(314, 2009873142, '2018-06-01'),
(315, 2009873143, '2018-06-01'),
(316, 2009873144, '2018-06-01'),
(317, 2009873145, '2018-06-01'),
(318, 2009873146, '2018-06-01'),
(319, 2009873147, '2018-06-01'),
(320, 2009873148, '2018-06-01'),
(321, 2009872874, '2018-06-04'),
(322, 2009872875, '2018-06-04'),
(323, 2009872876, '2018-06-04'),
(324, 2009872877, '2018-06-04'),
(325, 2009872878, '2018-06-04'),
(326, 2009872879, '2018-06-04'),
(327, 2009872880, '2018-06-04'),
(328, 2009872881, '2018-06-04'),
(329, 2009872882, '2018-06-04'),
(330, 2009872883, '2018-06-04'),
(331, 2009872884, '2018-06-04'),
(332, 2009872885, '2018-06-04'),
(333, 2009872886, '2018-06-04'),
(334, 2009872887, '2018-06-04'),
(335, 2009872888, '2018-06-04'),
(336, 2009872889, '2018-06-04'),
(337, 2009872890, '2018-06-04'),
(338, 2009872891, '2018-06-04'),
(339, 2009872892, '2018-06-04'),
(340, 2009872893, '2018-06-04'),
(341, 2009872894, '2018-06-04'),
(342, 2009872895, '2018-06-04'),
(343, 2009872896, '2018-06-04'),
(344, 2009872897, '2018-06-04'),
(345, 2009872898, '2018-06-04'),
(346, 2009872899, '2018-06-04'),
(347, 2009872900, '2018-06-04'),
(348, 2009872901, '2018-06-04'),
(349, 2009872902, '2018-06-04'),
(350, 2009872903, '2018-06-04'),
(351, 2009872904, '2018-06-04'),
(352, 2009872905, '2018-06-04'),
(353, 2009872906, '2018-06-04'),
(354, 2009872907, '2018-06-04'),
(355, 2009872908, '2018-06-04'),
(356, 2009872909, '2018-06-04'),
(357, 2009872910, '2018-06-04'),
(358, 2009872911, '2018-06-04'),
(359, 2009872912, '2018-06-04'),
(360, 2009872913, '2018-06-04'),
(361, 2009872914, '2018-06-04'),
(362, 2009872915, '2018-06-04'),
(363, 2009872916, '2018-06-04'),
(364, 2009872917, '2018-06-04'),
(365, 2009872918, '2018-06-04'),
(366, 2009872919, '2018-06-04'),
(367, 2009872920, '2018-06-04'),
(368, 2009872921, '2018-06-04'),
(369, 2009872922, '2018-06-04'),
(370, 2009872923, '2018-06-04'),
(371, 2009872924, '2018-06-04'),
(372, 2009872925, '2018-06-04'),
(373, 2009872926, '2018-06-04'),
(374, 2009872927, '2018-06-04'),
(375, 2009872928, '2018-06-04'),
(376, 2009872929, '2018-06-04'),
(377, 2009872930, '2018-06-04'),
(378, 2009872931, '2018-06-04'),
(379, 2009872932, '2018-06-04'),
(380, 2009872933, '2018-06-04'),
(381, 2009872934, '2018-06-04'),
(382, 2009872935, '2018-06-04'),
(383, 2009872936, '2018-06-04'),
(384, 2009872937, '2018-06-04'),
(385, 2009872938, '2018-06-04'),
(386, 2009872939, '2018-06-04'),
(387, 2009872940, '2018-06-04'),
(388, 2009872941, '2018-06-04'),
(389, 2009872942, '2018-06-04'),
(390, 2009872943, '2018-06-04'),
(391, 2009872944, '2018-06-04'),
(392, 2009872945, '2018-06-04'),
(393, 2009872946, '2018-06-04'),
(394, 2009872947, '2018-06-04'),
(395, 2009872948, '2018-06-04'),
(396, 2009872949, '2018-06-04'),
(397, 2009872950, '2018-06-04'),
(398, 2009872951, '2018-06-04'),
(399, 2009872952, '2018-06-04'),
(400, 2009872953, '2018-06-04'),
(401, 2009872954, '2018-06-04'),
(402, 2009872955, '2018-06-04'),
(403, 2009872956, '2018-06-04'),
(404, 2009872957, '2018-06-04'),
(405, 2009872958, '2018-06-04'),
(406, 2009872959, '2018-06-04'),
(407, 2009872960, '2018-06-04'),
(408, 2009872961, '2018-06-04'),
(409, 2009872962, '2018-06-04'),
(410, 2009872963, '2018-06-04'),
(411, 2009872964, '2018-06-04'),
(412, 2009872965, '2018-06-04'),
(413, 2009872966, '2018-06-04'),
(414, 2009872967, '2018-06-04'),
(415, 2009872968, '2018-06-04'),
(416, 2009872969, '2018-06-04'),
(417, 2009872970, '2018-06-04'),
(418, 2009872971, '2018-06-04'),
(419, 2009872972, '2018-06-04'),
(420, 2009872973, '2018-06-04'),
(421, 2009872974, '2018-06-04'),
(422, 2009872975, '2018-06-04'),
(423, 2009872976, '2018-06-04'),
(424, 2009872977, '2018-06-04'),
(425, 2009872978, '2018-06-04'),
(426, 2009872979, '2018-06-04'),
(427, 2009872980, '2018-06-04'),
(428, 2009872981, '2018-06-04'),
(429, 2009872982, '2018-06-04'),
(430, 2009872983, '2018-06-04'),
(431, 2009872984, '2018-06-04'),
(432, 2009872985, '2018-06-04'),
(433, 2009872986, '2018-06-04'),
(434, 2009872987, '2018-06-04'),
(435, 2009872988, '2018-06-04'),
(436, 2009872989, '2018-06-04'),
(437, 2009872990, '2018-06-04'),
(438, 2009872991, '2018-06-04'),
(439, 2009872992, '2018-06-04'),
(440, 2009872993, '2018-06-04'),
(441, 2009872994, '2018-06-04'),
(442, 2009872995, '2018-06-04'),
(443, 2009872996, '2018-06-04'),
(444, 2009872997, '2018-06-04'),
(445, 2009872998, '2018-06-04'),
(446, 2009872999, '2018-06-04'),
(447, 2009873000, '2018-06-04'),
(448, 2009873001, '2018-06-04'),
(449, 2009873002, '2018-06-04'),
(450, 2009873003, '2018-06-04'),
(451, 2009873004, '2018-06-04'),
(452, 2009873005, '2018-06-04'),
(453, 2009873006, '2018-06-04'),
(454, 2009873007, '2018-06-04'),
(455, 2009873008, '2018-06-04'),
(456, 2009873009, '2018-06-04'),
(457, 2009873010, '2018-06-04'),
(458, 2009873011, '2018-06-04'),
(459, 2009873012, '2018-06-04'),
(460, 2009873013, '2018-06-04'),
(461, 2009873014, '2018-06-04'),
(462, 2009873015, '2018-06-04'),
(463, 2009873016, '2018-06-04'),
(464, 2009873017, '2018-06-04'),
(465, 2009873018, '2018-06-04'),
(466, 2009873019, '2018-06-04'),
(467, 2009873020, '2018-06-04'),
(468, 2009873021, '2018-06-04'),
(469, 2009873022, '2018-06-04'),
(470, 2009873023, '2018-06-04'),
(471, 2009873024, '2018-06-04'),
(472, 2009873025, '2018-06-04'),
(473, 2009873026, '2018-06-04'),
(474, 2009873027, '2018-06-04'),
(475, 2009873028, '2018-06-04'),
(476, 2009873029, '2018-06-04'),
(477, 2009873030, '2018-06-04'),
(478, 2009873031, '2018-06-04'),
(479, 2009873032, '2018-06-04'),
(480, 2009873033, '2018-06-04'),
(481, 2009873034, '2018-06-04'),
(482, 2009873035, '2018-06-04'),
(483, 2009873036, '2018-06-04'),
(484, 2009873037, '2018-06-04'),
(485, 2009873038, '2018-06-04'),
(486, 2009873039, '2018-06-04'),
(487, 2009873040, '2018-06-04'),
(488, 2009873041, '2018-06-04'),
(489, 2009873042, '2018-06-04'),
(490, 2009873043, '2018-06-04'),
(491, 2009873044, '2018-06-04'),
(492, 2009873045, '2018-06-04'),
(493, 2009873046, '2018-06-04'),
(494, 2009873047, '2018-06-04'),
(495, 2009873048, '2018-06-04'),
(496, 2009873049, '2018-06-04'),
(497, 2009873050, '2018-06-04'),
(498, 2009873051, '2018-06-04'),
(499, 2009873052, '2018-06-04'),
(500, 2009873053, '2018-06-04'),
(501, 2009873054, '2018-06-04'),
(502, 2009873055, '2018-06-04'),
(503, 2009873056, '2018-06-04'),
(504, 2009873057, '2018-06-04'),
(505, 2009873058, '2018-06-04'),
(506, 2009873059, '2018-06-04'),
(507, 2009873060, '2018-06-04'),
(508, 2009873061, '2018-06-04'),
(509, 2009873062, '2018-06-04'),
(510, 2009873063, '2018-06-04'),
(511, 2009873064, '2018-06-04'),
(512, 2009873065, '2018-06-04'),
(513, 2009873066, '2018-06-04'),
(514, 2009873067, '2018-06-04'),
(515, 2009873068, '2018-06-04'),
(516, 2009873069, '2018-06-04'),
(517, 2009873070, '2018-06-04'),
(518, 2009873071, '2018-06-04'),
(519, 2009873072, '2018-06-04'),
(520, 2009873073, '2018-06-04'),
(521, 2009873074, '2018-06-04'),
(522, 2009873075, '2018-06-04'),
(523, 2009873076, '2018-06-04'),
(524, 2009873077, '2018-06-04'),
(525, 2009873078, '2018-06-04'),
(526, 2009873079, '2018-06-04'),
(527, 2009873080, '2018-06-04'),
(528, 2009873081, '2018-06-04'),
(529, 2009873082, '2018-06-04'),
(530, 2009873083, '2018-06-04'),
(531, 2009873084, '2018-06-04'),
(532, 2009873085, '2018-06-04'),
(533, 2009873086, '2018-06-04'),
(534, 2009873087, '2018-06-04'),
(535, 2009873088, '2018-06-04'),
(536, 2009873089, '2018-06-04'),
(537, 2009873090, '2018-06-04'),
(538, 2009873091, '2018-06-04'),
(539, 2009873092, '2018-06-04'),
(540, 2009873093, '2018-06-04'),
(541, 2009873094, '2018-06-04'),
(542, 2009873095, '2018-06-04'),
(543, 2009873096, '2018-06-04'),
(544, 2009873097, '2018-06-04'),
(545, 2009873098, '2018-06-04'),
(546, 2009873099, '2018-06-04'),
(547, 2009873100, '2018-06-04'),
(548, 2009873101, '2018-06-04'),
(549, 2009873102, '2018-06-04'),
(550, 2009873103, '2018-06-04'),
(551, 2009873104, '2018-06-04'),
(552, 2009873105, '2018-06-04'),
(553, 2009873106, '2018-06-04'),
(554, 2009873107, '2018-06-04'),
(555, 2009873108, '2018-06-04'),
(556, 2009873109, '2018-06-04'),
(557, 2009873110, '2018-06-04'),
(558, 2009873111, '2018-06-04'),
(559, 2009873112, '2018-06-04'),
(560, 2009873113, '2018-06-04'),
(561, 2009873114, '2018-06-04'),
(562, 2009873115, '2018-06-04'),
(563, 2009873116, '2018-06-04'),
(564, 2009873117, '2018-06-04'),
(565, 2009873118, '2018-06-04'),
(566, 2009873119, '2018-06-04'),
(567, 2009873120, '2018-06-04'),
(568, 2009873121, '2018-06-04'),
(569, 2009873122, '2018-06-04'),
(570, 2009873123, '2018-06-04'),
(571, 2009873124, '2018-06-04'),
(572, 2009873125, '2018-06-04'),
(573, 2009873126, '2018-06-04'),
(574, 2009873127, '2018-06-04'),
(575, 2009873128, '2018-06-04'),
(576, 2009873129, '2018-06-04'),
(577, 2009873130, '2018-06-04'),
(578, 2009873131, '2018-06-04'),
(579, 2009873132, '2018-06-04'),
(580, 2009873133, '2018-06-04'),
(581, 2009873134, '2018-06-04'),
(582, 2009873135, '2018-06-04'),
(583, 2009873136, '2018-06-04'),
(584, 2009873137, '2018-06-04'),
(585, 2009873138, '2018-06-04'),
(586, 2009873139, '2018-06-04'),
(587, 2009873140, '2018-06-04'),
(588, 2009873141, '2018-06-04'),
(589, 2009873142, '2018-06-04'),
(590, 2009873143, '2018-06-04'),
(591, 2009873144, '2018-06-04'),
(592, 2009873145, '2018-06-04'),
(593, 2009873146, '2018-06-04'),
(594, 2009873147, '2018-06-04'),
(595, 2009873148, '2018-06-04'),
(596, 2009872874, '2018-06-05'),
(597, 2009872875, '2018-06-05'),
(598, 2009872876, '2018-06-05'),
(599, 2009872877, '2018-06-05'),
(600, 2009872878, '2018-06-05'),
(601, 2009872879, '2018-06-05'),
(602, 2009872880, '2018-06-05'),
(603, 2009872881, '2018-06-05'),
(604, 2009872882, '2018-06-05'),
(605, 2009872883, '2018-06-05'),
(606, 2009872884, '2018-06-05'),
(607, 2009872885, '2018-06-05'),
(608, 2009872886, '2018-06-05'),
(609, 2009872887, '2018-06-05'),
(610, 2009872888, '2018-06-05'),
(611, 2009872889, '2018-06-05'),
(612, 2009872890, '2018-06-05'),
(613, 2009872891, '2018-06-05'),
(614, 2009872892, '2018-06-05'),
(615, 2009872893, '2018-06-05'),
(616, 2009872894, '2018-06-05'),
(617, 2009872895, '2018-06-05'),
(618, 2009872896, '2018-06-05'),
(619, 2009872897, '2018-06-05'),
(620, 2009872898, '2018-06-05'),
(621, 2009872899, '2018-06-05'),
(622, 2009872900, '2018-06-05'),
(623, 2009872901, '2018-06-05'),
(624, 2009872902, '2018-06-05'),
(625, 2009872903, '2018-06-05'),
(626, 2009872904, '2018-06-05'),
(627, 2009872905, '2018-06-05'),
(628, 2009872906, '2018-06-05'),
(629, 2009872907, '2018-06-05'),
(630, 2009872908, '2018-06-05'),
(631, 2009872909, '2018-06-05'),
(632, 2009872910, '2018-06-05'),
(633, 2009872911, '2018-06-05'),
(634, 2009872912, '2018-06-05'),
(635, 2009872913, '2018-06-05'),
(636, 2009872914, '2018-06-05'),
(637, 2009872915, '2018-06-05'),
(638, 2009872916, '2018-06-05'),
(639, 2009872917, '2018-06-05'),
(640, 2009872918, '2018-06-05'),
(641, 2009872919, '2018-06-05'),
(642, 2009872920, '2018-06-05'),
(643, 2009872921, '2018-06-05'),
(644, 2009872922, '2018-06-05'),
(645, 2009872923, '2018-06-05'),
(646, 2009872924, '2018-06-05'),
(647, 2009872925, '2018-06-05'),
(648, 2009872926, '2018-06-05'),
(649, 2009872927, '2018-06-05'),
(650, 2009872928, '2018-06-05'),
(651, 2009872929, '2018-06-05'),
(652, 2009872930, '2018-06-05'),
(653, 2009872931, '2018-06-05'),
(654, 2009872932, '2018-06-05'),
(655, 2009872933, '2018-06-05'),
(656, 2009872934, '2018-06-05'),
(657, 2009872935, '2018-06-05'),
(658, 2009872936, '2018-06-05'),
(659, 2009872937, '2018-06-05'),
(660, 2009872938, '2018-06-05'),
(661, 2009872939, '2018-06-05'),
(662, 2009872940, '2018-06-05'),
(663, 2009872941, '2018-06-05'),
(664, 2009872942, '2018-06-05'),
(665, 2009872943, '2018-06-05'),
(666, 2009872944, '2018-06-05'),
(667, 2009872945, '2018-06-05'),
(668, 2009872946, '2018-06-05'),
(669, 2009872947, '2018-06-05'),
(670, 2009872948, '2018-06-05'),
(671, 2009872949, '2018-06-05'),
(672, 2009872950, '2018-06-05'),
(673, 2009872951, '2018-06-05'),
(674, 2009872952, '2018-06-05'),
(675, 2009872953, '2018-06-05'),
(676, 2009872954, '2018-06-05'),
(677, 2009872955, '2018-06-05'),
(678, 2009872956, '2018-06-05'),
(679, 2009872957, '2018-06-05'),
(680, 2009872958, '2018-06-05'),
(681, 2009872959, '2018-06-05'),
(682, 2009872960, '2018-06-05'),
(683, 2009872961, '2018-06-05'),
(684, 2009872962, '2018-06-05'),
(685, 2009872963, '2018-06-05'),
(686, 2009872964, '2018-06-05'),
(687, 2009872965, '2018-06-05'),
(688, 2009872966, '2018-06-05'),
(689, 2009872967, '2018-06-05'),
(690, 2009872968, '2018-06-05'),
(691, 2009872969, '2018-06-05'),
(692, 2009872970, '2018-06-05'),
(693, 2009872971, '2018-06-05'),
(694, 2009872972, '2018-06-05'),
(695, 2009872973, '2018-06-05'),
(696, 2009872974, '2018-06-05'),
(697, 2009872975, '2018-06-05'),
(698, 2009872976, '2018-06-05'),
(699, 2009872977, '2018-06-05'),
(700, 2009872978, '2018-06-05'),
(701, 2009872979, '2018-06-05'),
(702, 2009872980, '2018-06-05'),
(703, 2009872981, '2018-06-05'),
(704, 2009872982, '2018-06-05'),
(705, 2009872983, '2018-06-05'),
(706, 2009872984, '2018-06-05'),
(707, 2009872985, '2018-06-05'),
(708, 2009872986, '2018-06-05'),
(709, 2009872987, '2018-06-05'),
(710, 2009872988, '2018-06-05'),
(711, 2009872989, '2018-06-05'),
(712, 2009872990, '2018-06-05'),
(713, 2009872991, '2018-06-05'),
(714, 2009872992, '2018-06-05'),
(715, 2009872993, '2018-06-05'),
(716, 2009872994, '2018-06-05'),
(717, 2009872995, '2018-06-05'),
(718, 2009872996, '2018-06-05'),
(719, 2009872997, '2018-06-05'),
(720, 2009872998, '2018-06-05'),
(721, 2009872999, '2018-06-05'),
(722, 2009873000, '2018-06-05'),
(723, 2009873001, '2018-06-05'),
(724, 2009873002, '2018-06-05'),
(725, 2009873003, '2018-06-05'),
(726, 2009873004, '2018-06-05'),
(727, 2009873005, '2018-06-05'),
(728, 2009873006, '2018-06-05'),
(729, 2009873007, '2018-06-05'),
(730, 2009873008, '2018-06-05'),
(731, 2009873009, '2018-06-05'),
(732, 2009873010, '2018-06-05'),
(733, 2009873011, '2018-06-05'),
(734, 2009873012, '2018-06-05'),
(735, 2009873013, '2018-06-05'),
(736, 2009873014, '2018-06-05'),
(737, 2009873015, '2018-06-05'),
(738, 2009873016, '2018-06-05'),
(739, 2009873017, '2018-06-05'),
(740, 2009873018, '2018-06-05'),
(741, 2009873019, '2018-06-05'),
(742, 2009873020, '2018-06-05'),
(743, 2009873021, '2018-06-05'),
(744, 2009873022, '2018-06-05'),
(745, 2009873023, '2018-06-05'),
(746, 2009873024, '2018-06-05'),
(747, 2009873025, '2018-06-05'),
(748, 2009873026, '2018-06-05'),
(749, 2009873027, '2018-06-05'),
(750, 2009873028, '2018-06-05'),
(751, 2009873029, '2018-06-05'),
(752, 2009873030, '2018-06-05'),
(753, 2009873031, '2018-06-05'),
(754, 2009873032, '2018-06-05'),
(755, 2009873033, '2018-06-05'),
(756, 2009873034, '2018-06-05'),
(757, 2009873035, '2018-06-05'),
(758, 2009873036, '2018-06-05'),
(759, 2009873037, '2018-06-05'),
(760, 2009873038, '2018-06-05'),
(761, 2009873039, '2018-06-05'),
(762, 2009873040, '2018-06-05'),
(763, 2009873041, '2018-06-05'),
(764, 2009873042, '2018-06-05'),
(765, 2009873043, '2018-06-05'),
(766, 2009873044, '2018-06-05'),
(767, 2009873045, '2018-06-05'),
(768, 2009873046, '2018-06-05'),
(769, 2009873047, '2018-06-05'),
(770, 2009873048, '2018-06-05'),
(771, 2009873049, '2018-06-05'),
(772, 2009873050, '2018-06-05'),
(773, 2009873051, '2018-06-05'),
(774, 2009873052, '2018-06-05'),
(775, 2009873053, '2018-06-05'),
(776, 2009873054, '2018-06-05'),
(777, 2009873055, '2018-06-05'),
(778, 2009873056, '2018-06-05'),
(779, 2009873057, '2018-06-05'),
(780, 2009873058, '2018-06-05'),
(781, 2009873059, '2018-06-05'),
(782, 2009873060, '2018-06-05'),
(783, 2009873061, '2018-06-05'),
(784, 2009873062, '2018-06-05'),
(785, 2009873063, '2018-06-05'),
(786, 2009873064, '2018-06-05'),
(787, 2009873065, '2018-06-05'),
(788, 2009873066, '2018-06-05'),
(789, 2009873067, '2018-06-05'),
(790, 2009873068, '2018-06-05'),
(791, 2009873069, '2018-06-05'),
(792, 2009873070, '2018-06-05'),
(793, 2009873071, '2018-06-05'),
(794, 2009873072, '2018-06-05'),
(795, 2009873073, '2018-06-05'),
(796, 2009873074, '2018-06-05'),
(797, 2009873075, '2018-06-05'),
(798, 2009873076, '2018-06-05'),
(799, 2009873077, '2018-06-05'),
(800, 2009873078, '2018-06-05'),
(801, 2009873079, '2018-06-05'),
(802, 2009873080, '2018-06-05'),
(803, 2009873081, '2018-06-05'),
(804, 2009873082, '2018-06-05'),
(805, 2009873083, '2018-06-05'),
(806, 2009873084, '2018-06-05'),
(807, 2009873085, '2018-06-05'),
(808, 2009873086, '2018-06-05'),
(809, 2009873087, '2018-06-05'),
(810, 2009873088, '2018-06-05'),
(811, 2009873089, '2018-06-05'),
(812, 2009873090, '2018-06-05'),
(813, 2009873091, '2018-06-05'),
(814, 2009873092, '2018-06-05'),
(815, 2009873093, '2018-06-05'),
(816, 2009873094, '2018-06-05'),
(817, 2009873095, '2018-06-05'),
(818, 2009873096, '2018-06-05'),
(819, 2009873097, '2018-06-05'),
(820, 2009873098, '2018-06-05'),
(821, 2009873099, '2018-06-05'),
(822, 2009873100, '2018-06-05'),
(823, 2009873101, '2018-06-05'),
(824, 2009873102, '2018-06-05'),
(825, 2009873103, '2018-06-05'),
(826, 2009873104, '2018-06-05'),
(827, 2009873105, '2018-06-05'),
(828, 2009873106, '2018-06-05'),
(829, 2009873107, '2018-06-05'),
(830, 2009873108, '2018-06-05'),
(831, 2009873109, '2018-06-05'),
(832, 2009873110, '2018-06-05'),
(833, 2009873111, '2018-06-05'),
(834, 2009873112, '2018-06-05'),
(835, 2009873113, '2018-06-05'),
(836, 2009873114, '2018-06-05'),
(837, 2009873115, '2018-06-05'),
(838, 2009873116, '2018-06-05'),
(839, 2009873117, '2018-06-05'),
(840, 2009873118, '2018-06-05'),
(841, 2009873119, '2018-06-05'),
(842, 2009873120, '2018-06-05'),
(843, 2009873121, '2018-06-05'),
(844, 2009873122, '2018-06-05'),
(845, 2009873123, '2018-06-05'),
(846, 2009873124, '2018-06-05'),
(847, 2009873125, '2018-06-05'),
(848, 2009873126, '2018-06-05'),
(849, 2009873127, '2018-06-05'),
(850, 2009873128, '2018-06-05'),
(851, 2009873129, '2018-06-05'),
(852, 2009873130, '2018-06-05'),
(853, 2009873131, '2018-06-05'),
(854, 2009873132, '2018-06-05'),
(855, 2009873133, '2018-06-05'),
(856, 2009873134, '2018-06-05'),
(857, 2009873135, '2018-06-05'),
(858, 2009873136, '2018-06-05'),
(859, 2009873137, '2018-06-05'),
(860, 2009873138, '2018-06-05'),
(861, 2009873139, '2018-06-05'),
(862, 2009873140, '2018-06-05'),
(863, 2009873141, '2018-06-05'),
(864, 2009873142, '2018-06-05'),
(865, 2009873143, '2018-06-05'),
(866, 2009873144, '2018-06-05'),
(867, 2009873145, '2018-06-05'),
(868, 2009873146, '2018-06-05'),
(869, 2009873147, '2018-06-05'),
(870, 2009873148, '2018-06-05'),
(871, 2009872874, '2018-06-06'),
(872, 2009872875, '2018-06-06'),
(873, 2009872876, '2018-06-06'),
(874, 2009872877, '2018-06-06'),
(875, 2009872878, '2018-06-06'),
(876, 2009872879, '2018-06-06'),
(877, 2009872880, '2018-06-06'),
(878, 2009872881, '2018-06-06'),
(879, 2009872882, '2018-06-06'),
(880, 2009872883, '2018-06-06'),
(881, 2009872884, '2018-06-06'),
(882, 2009872885, '2018-06-06'),
(883, 2009872886, '2018-06-06'),
(884, 2009872887, '2018-06-06'),
(885, 2009872888, '2018-06-06'),
(886, 2009872889, '2018-06-06'),
(887, 2009872890, '2018-06-06'),
(888, 2009872891, '2018-06-06'),
(889, 2009872892, '2018-06-06'),
(890, 2009872893, '2018-06-06'),
(891, 2009872894, '2018-06-06'),
(892, 2009872895, '2018-06-06'),
(893, 2009872896, '2018-06-06'),
(894, 2009872897, '2018-06-06'),
(895, 2009872898, '2018-06-06'),
(896, 2009872899, '2018-06-06'),
(897, 2009872900, '2018-06-06'),
(898, 2009872901, '2018-06-06'),
(899, 2009872902, '2018-06-06'),
(900, 2009872903, '2018-06-06'),
(901, 2009872904, '2018-06-06'),
(902, 2009872905, '2018-06-06'),
(903, 2009872906, '2018-06-06'),
(904, 2009872907, '2018-06-06'),
(905, 2009872908, '2018-06-06'),
(906, 2009872909, '2018-06-06'),
(907, 2009872910, '2018-06-06'),
(908, 2009872911, '2018-06-06'),
(909, 2009872912, '2018-06-06'),
(910, 2009872913, '2018-06-06'),
(911, 2009872914, '2018-06-06'),
(912, 2009872915, '2018-06-06'),
(913, 2009872916, '2018-06-06'),
(914, 2009872917, '2018-06-06'),
(915, 2009872918, '2018-06-06'),
(916, 2009872919, '2018-06-06'),
(917, 2009872920, '2018-06-06'),
(918, 2009872921, '2018-06-06'),
(919, 2009872922, '2018-06-06'),
(920, 2009872923, '2018-06-06'),
(921, 2009872924, '2018-06-06'),
(922, 2009872925, '2018-06-06'),
(923, 2009872926, '2018-06-06'),
(924, 2009872927, '2018-06-06'),
(925, 2009872928, '2018-06-06'),
(926, 2009872929, '2018-06-06'),
(927, 2009872930, '2018-06-06'),
(928, 2009872931, '2018-06-06'),
(929, 2009872932, '2018-06-06'),
(930, 2009872933, '2018-06-06'),
(931, 2009872934, '2018-06-06'),
(932, 2009872935, '2018-06-06'),
(933, 2009872936, '2018-06-06'),
(934, 2009872937, '2018-06-06'),
(935, 2009872938, '2018-06-06'),
(936, 2009872939, '2018-06-06'),
(937, 2009872940, '2018-06-06'),
(938, 2009872941, '2018-06-06'),
(939, 2009872942, '2018-06-06'),
(940, 2009872943, '2018-06-06'),
(941, 2009872944, '2018-06-06'),
(942, 2009872945, '2018-06-06'),
(943, 2009872946, '2018-06-06'),
(944, 2009872947, '2018-06-06'),
(945, 2009872948, '2018-06-06'),
(946, 2009872949, '2018-06-06'),
(947, 2009872950, '2018-06-06'),
(948, 2009872951, '2018-06-06'),
(949, 2009872952, '2018-06-06'),
(950, 2009872953, '2018-06-06'),
(951, 2009872954, '2018-06-06'),
(952, 2009872955, '2018-06-06'),
(953, 2009872956, '2018-06-06'),
(954, 2009872957, '2018-06-06'),
(955, 2009872958, '2018-06-06'),
(956, 2009872959, '2018-06-06'),
(957, 2009872960, '2018-06-06'),
(958, 2009872961, '2018-06-06'),
(959, 2009872962, '2018-06-06'),
(960, 2009872963, '2018-06-06'),
(961, 2009872964, '2018-06-06'),
(962, 2009872965, '2018-06-06'),
(963, 2009872966, '2018-06-06'),
(964, 2009872967, '2018-06-06'),
(965, 2009872968, '2018-06-06'),
(966, 2009872969, '2018-06-06'),
(967, 2009872970, '2018-06-06'),
(968, 2009872971, '2018-06-06'),
(969, 2009872972, '2018-06-06'),
(970, 2009872973, '2018-06-06'),
(971, 2009872974, '2018-06-06'),
(972, 2009872975, '2018-06-06'),
(973, 2009872976, '2018-06-06'),
(974, 2009872977, '2018-06-06'),
(975, 2009872978, '2018-06-06'),
(976, 2009872979, '2018-06-06'),
(977, 2009872980, '2018-06-06'),
(978, 2009872981, '2018-06-06'),
(979, 2009872982, '2018-06-06'),
(980, 2009872983, '2018-06-06'),
(981, 2009872984, '2018-06-06'),
(982, 2009872985, '2018-06-06'),
(983, 2009872986, '2018-06-06'),
(984, 2009872987, '2018-06-06'),
(985, 2009872988, '2018-06-06'),
(986, 2009872989, '2018-06-06'),
(987, 2009872990, '2018-06-06'),
(988, 2009872991, '2018-06-06'),
(989, 2009872992, '2018-06-06'),
(990, 2009872993, '2018-06-06'),
(991, 2009872994, '2018-06-06'),
(992, 2009872995, '2018-06-06'),
(993, 2009872996, '2018-06-06'),
(994, 2009872997, '2018-06-06'),
(995, 2009872998, '2018-06-06'),
(996, 2009872999, '2018-06-06'),
(997, 2009873000, '2018-06-06'),
(998, 2009873001, '2018-06-06'),
(999, 2009873002, '2018-06-06'),
(1000, 2009873003, '2018-06-06'),
(1001, 2009873004, '2018-06-06'),
(1002, 2009873005, '2018-06-06'),
(1003, 2009873006, '2018-06-06'),
(1004, 2009873007, '2018-06-06'),
(1005, 2009873008, '2018-06-06'),
(1006, 2009873009, '2018-06-06'),
(1007, 2009873010, '2018-06-06'),
(1008, 2009873011, '2018-06-06'),
(1009, 2009873012, '2018-06-06'),
(1010, 2009873013, '2018-06-06'),
(1011, 2009873014, '2018-06-06'),
(1012, 2009873015, '2018-06-06'),
(1013, 2009873016, '2018-06-06'),
(1014, 2009873017, '2018-06-06'),
(1015, 2009873018, '2018-06-06'),
(1016, 2009873019, '2018-06-06'),
(1017, 2009873020, '2018-06-06'),
(1018, 2009873021, '2018-06-06'),
(1019, 2009873022, '2018-06-06'),
(1020, 2009873023, '2018-06-06'),
(1021, 2009873024, '2018-06-06'),
(1022, 2009873025, '2018-06-06'),
(1023, 2009873026, '2018-06-06'),
(1024, 2009873027, '2018-06-06'),
(1025, 2009873028, '2018-06-06'),
(1026, 2009873029, '2018-06-06'),
(1027, 2009873030, '2018-06-06'),
(1028, 2009873031, '2018-06-06'),
(1029, 2009873032, '2018-06-06'),
(1030, 2009873033, '2018-06-06'),
(1031, 2009873034, '2018-06-06'),
(1032, 2009873035, '2018-06-06'),
(1033, 2009873036, '2018-06-06'),
(1034, 2009873037, '2018-06-06'),
(1035, 2009873038, '2018-06-06'),
(1036, 2009873039, '2018-06-06'),
(1037, 2009873040, '2018-06-06'),
(1038, 2009873041, '2018-06-06'),
(1039, 2009873042, '2018-06-06'),
(1040, 2009873043, '2018-06-06'),
(1041, 2009873044, '2018-06-06'),
(1042, 2009873045, '2018-06-06'),
(1043, 2009873046, '2018-06-06'),
(1044, 2009873047, '2018-06-06'),
(1045, 2009873048, '2018-06-06'),
(1046, 2009873049, '2018-06-06'),
(1047, 2009873050, '2018-06-06'),
(1048, 2009873051, '2018-06-06'),
(1049, 2009873052, '2018-06-06'),
(1050, 2009873053, '2018-06-06'),
(1051, 2009873054, '2018-06-06'),
(1052, 2009873055, '2018-06-06'),
(1053, 2009873056, '2018-06-06'),
(1054, 2009873057, '2018-06-06'),
(1055, 2009873058, '2018-06-06'),
(1056, 2009873059, '2018-06-06'),
(1057, 2009873060, '2018-06-06'),
(1058, 2009873061, '2018-06-06'),
(1059, 2009873062, '2018-06-06'),
(1060, 2009873063, '2018-06-06'),
(1061, 2009873064, '2018-06-06'),
(1062, 2009873065, '2018-06-06'),
(1063, 2009873066, '2018-06-06'),
(1064, 2009873067, '2018-06-06'),
(1065, 2009873068, '2018-06-06'),
(1066, 2009873069, '2018-06-06'),
(1067, 2009873070, '2018-06-06'),
(1068, 2009873071, '2018-06-06'),
(1069, 2009873072, '2018-06-06'),
(1070, 2009873073, '2018-06-06'),
(1071, 2009873074, '2018-06-06'),
(1072, 2009873075, '2018-06-06'),
(1073, 2009873076, '2018-06-06'),
(1074, 2009873077, '2018-06-06'),
(1075, 2009873078, '2018-06-06'),
(1076, 2009873079, '2018-06-06'),
(1077, 2009873080, '2018-06-06'),
(1078, 2009873081, '2018-06-06'),
(1079, 2009873082, '2018-06-06'),
(1080, 2009873083, '2018-06-06'),
(1081, 2009873084, '2018-06-06'),
(1082, 2009873085, '2018-06-06'),
(1083, 2009873086, '2018-06-06'),
(1084, 2009873087, '2018-06-06'),
(1085, 2009873088, '2018-06-06'),
(1086, 2009873089, '2018-06-06'),
(1087, 2009873090, '2018-06-06'),
(1088, 2009873091, '2018-06-06'),
(1089, 2009873092, '2018-06-06'),
(1090, 2009873093, '2018-06-06'),
(1091, 2009873094, '2018-06-06'),
(1092, 2009873095, '2018-06-06'),
(1093, 2009873096, '2018-06-06'),
(1094, 2009873097, '2018-06-06'),
(1095, 2009873098, '2018-06-06'),
(1096, 2009873099, '2018-06-06'),
(1097, 2009873100, '2018-06-06'),
(1098, 2009873101, '2018-06-06'),
(1099, 2009873102, '2018-06-06'),
(1100, 2009873103, '2018-06-06'),
(1101, 2009873104, '2018-06-06'),
(1102, 2009873105, '2018-06-06'),
(1103, 2009873106, '2018-06-06'),
(1104, 2009873107, '2018-06-06'),
(1105, 2009873108, '2018-06-06'),
(1106, 2009873109, '2018-06-06'),
(1107, 2009873110, '2018-06-06'),
(1108, 2009873111, '2018-06-06'),
(1109, 2009873112, '2018-06-06'),
(1110, 2009873113, '2018-06-06'),
(1111, 2009873114, '2018-06-06'),
(1112, 2009873115, '2018-06-06'),
(1113, 2009873116, '2018-06-06'),
(1114, 2009873117, '2018-06-06'),
(1115, 2009873118, '2018-06-06'),
(1116, 2009873119, '2018-06-06'),
(1117, 2009873120, '2018-06-06'),
(1118, 2009873121, '2018-06-06'),
(1119, 2009873122, '2018-06-06'),
(1120, 2009873123, '2018-06-06'),
(1121, 2009873124, '2018-06-06'),
(1122, 2009873125, '2018-06-06'),
(1123, 2009873126, '2018-06-06'),
(1124, 2009873127, '2018-06-06'),
(1125, 2009873128, '2018-06-06'),
(1126, 2009873129, '2018-06-06'),
(1127, 2009873130, '2018-06-06'),
(1128, 2009873131, '2018-06-06'),
(1129, 2009873132, '2018-06-06'),
(1130, 2009873133, '2018-06-06'),
(1131, 2009873134, '2018-06-06'),
(1132, 2009873135, '2018-06-06'),
(1133, 2009873136, '2018-06-06'),
(1134, 2009873137, '2018-06-06'),
(1135, 2009873138, '2018-06-06'),
(1136, 2009873139, '2018-06-06'),
(1137, 2009873140, '2018-06-06'),
(1138, 2009873141, '2018-06-06'),
(1139, 2009873142, '2018-06-06'),
(1140, 2009873143, '2018-06-06'),
(1141, 2009873144, '2018-06-06'),
(1142, 2009873145, '2018-06-06'),
(1143, 2009873146, '2018-06-06'),
(1144, 2009873147, '2018-06-06'),
(1145, 2009873148, '2018-06-06'),
(1146, 2009872874, '2018-06-07'),
(1147, 2009872875, '2018-06-07'),
(1148, 2009872876, '2018-06-07'),
(1149, 2009872877, '2018-06-07'),
(1150, 2009872878, '2018-06-07'),
(1151, 2009872879, '2018-06-07'),
(1152, 2009872880, '2018-06-07'),
(1153, 2009872881, '2018-06-07'),
(1154, 2009872882, '2018-06-07'),
(1155, 2009872883, '2018-06-07'),
(1156, 2009872884, '2018-06-07'),
(1157, 2009872885, '2018-06-07'),
(1158, 2009872886, '2018-06-07'),
(1159, 2009872887, '2018-06-07'),
(1160, 2009872888, '2018-06-07'),
(1161, 2009872889, '2018-06-07'),
(1162, 2009872890, '2018-06-07'),
(1163, 2009872891, '2018-06-07'),
(1164, 2009872892, '2018-06-07'),
(1165, 2009872893, '2018-06-07'),
(1166, 2009872894, '2018-06-07'),
(1167, 2009872895, '2018-06-07'),
(1168, 2009872896, '2018-06-07'),
(1169, 2009872897, '2018-06-07'),
(1170, 2009872898, '2018-06-07'),
(1171, 2009872899, '2018-06-07'),
(1172, 2009872900, '2018-06-07'),
(1173, 2009872901, '2018-06-07'),
(1174, 2009872902, '2018-06-07'),
(1175, 2009872903, '2018-06-07'),
(1176, 2009872904, '2018-06-07'),
(1177, 2009872905, '2018-06-07'),
(1178, 2009872906, '2018-06-07'),
(1179, 2009872907, '2018-06-07'),
(1180, 2009872908, '2018-06-07'),
(1181, 2009872909, '2018-06-07'),
(1182, 2009872910, '2018-06-07'),
(1183, 2009872911, '2018-06-07'),
(1184, 2009872912, '2018-06-07'),
(1185, 2009872913, '2018-06-07'),
(1186, 2009872914, '2018-06-07'),
(1187, 2009872915, '2018-06-07'),
(1188, 2009872916, '2018-06-07'),
(1189, 2009872917, '2018-06-07'),
(1190, 2009872918, '2018-06-07'),
(1191, 2009872919, '2018-06-07'),
(1192, 2009872920, '2018-06-07'),
(1193, 2009872921, '2018-06-07'),
(1194, 2009872922, '2018-06-07'),
(1195, 2009872923, '2018-06-07'),
(1196, 2009872924, '2018-06-07'),
(1197, 2009872925, '2018-06-07'),
(1198, 2009872926, '2018-06-07'),
(1199, 2009872927, '2018-06-07'),
(1200, 2009872928, '2018-06-07'),
(1201, 2009872929, '2018-06-07'),
(1202, 2009872930, '2018-06-07'),
(1203, 2009872931, '2018-06-07'),
(1204, 2009872932, '2018-06-07'),
(1205, 2009872933, '2018-06-07'),
(1206, 2009872934, '2018-06-07'),
(1207, 2009872935, '2018-06-07'),
(1208, 2009872936, '2018-06-07'),
(1209, 2009872937, '2018-06-07'),
(1210, 2009872938, '2018-06-07'),
(1211, 2009872939, '2018-06-07'),
(1212, 2009872940, '2018-06-07'),
(1213, 2009872941, '2018-06-07'),
(1214, 2009872942, '2018-06-07'),
(1215, 2009872943, '2018-06-07'),
(1216, 2009872944, '2018-06-07'),
(1217, 2009872945, '2018-06-07'),
(1218, 2009872946, '2018-06-07'),
(1219, 2009872947, '2018-06-07'),
(1220, 2009872948, '2018-06-07'),
(1221, 2009872949, '2018-06-07'),
(1222, 2009872950, '2018-06-07'),
(1223, 2009872951, '2018-06-07'),
(1224, 2009872952, '2018-06-07'),
(1225, 2009872953, '2018-06-07'),
(1226, 2009872954, '2018-06-07'),
(1227, 2009872955, '2018-06-07'),
(1228, 2009872956, '2018-06-07'),
(1229, 2009872957, '2018-06-07'),
(1230, 2009872958, '2018-06-07'),
(1231, 2009872959, '2018-06-07'),
(1232, 2009872960, '2018-06-07'),
(1233, 2009872961, '2018-06-07'),
(1234, 2009872962, '2018-06-07'),
(1235, 2009872963, '2018-06-07'),
(1236, 2009872964, '2018-06-07'),
(1237, 2009872965, '2018-06-07'),
(1238, 2009872966, '2018-06-07'),
(1239, 2009872967, '2018-06-07'),
(1240, 2009872968, '2018-06-07'),
(1241, 2009872969, '2018-06-07'),
(1242, 2009872970, '2018-06-07'),
(1243, 2009872971, '2018-06-07'),
(1244, 2009872972, '2018-06-07'),
(1245, 2009872973, '2018-06-07'),
(1246, 2009872974, '2018-06-07'),
(1247, 2009872975, '2018-06-07'),
(1248, 2009872976, '2018-06-07'),
(1249, 2009872977, '2018-06-07'),
(1250, 2009872978, '2018-06-07'),
(1251, 2009872979, '2018-06-07'),
(1252, 2009872980, '2018-06-07'),
(1253, 2009872981, '2018-06-07'),
(1254, 2009872982, '2018-06-07'),
(1255, 2009872983, '2018-06-07'),
(1256, 2009872984, '2018-06-07'),
(1257, 2009872985, '2018-06-07'),
(1258, 2009872986, '2018-06-07'),
(1259, 2009872987, '2018-06-07'),
(1260, 2009872988, '2018-06-07'),
(1261, 2009872989, '2018-06-07'),
(1262, 2009872990, '2018-06-07'),
(1263, 2009872991, '2018-06-07'),
(1264, 2009872992, '2018-06-07'),
(1265, 2009872993, '2018-06-07'),
(1266, 2009872994, '2018-06-07'),
(1267, 2009872995, '2018-06-07'),
(1268, 2009872996, '2018-06-07'),
(1269, 2009872997, '2018-06-07'),
(1270, 2009872998, '2018-06-07'),
(1271, 2009872999, '2018-06-07'),
(1272, 2009873000, '2018-06-07'),
(1273, 2009873001, '2018-06-07'),
(1274, 2009873002, '2018-06-07'),
(1275, 2009873003, '2018-06-07'),
(1276, 2009873004, '2018-06-07'),
(1277, 2009873005, '2018-06-07'),
(1278, 2009873006, '2018-06-07'),
(1279, 2009873007, '2018-06-07'),
(1280, 2009873008, '2018-06-07'),
(1281, 2009873009, '2018-06-07'),
(1282, 2009873010, '2018-06-07'),
(1283, 2009873011, '2018-06-07'),
(1284, 2009873012, '2018-06-07'),
(1285, 2009873013, '2018-06-07'),
(1286, 2009873014, '2018-06-07'),
(1287, 2009873015, '2018-06-07'),
(1288, 2009873016, '2018-06-07'),
(1289, 2009873017, '2018-06-07'),
(1290, 2009873018, '2018-06-07'),
(1291, 2009873019, '2018-06-07'),
(1292, 2009873020, '2018-06-07'),
(1293, 2009873021, '2018-06-07'),
(1294, 2009873022, '2018-06-07'),
(1295, 2009873023, '2018-06-07'),
(1296, 2009873024, '2018-06-07'),
(1297, 2009873025, '2018-06-07'),
(1298, 2009873026, '2018-06-07'),
(1299, 2009873027, '2018-06-07'),
(1300, 2009873028, '2018-06-07'),
(1301, 2009873029, '2018-06-07'),
(1302, 2009873030, '2018-06-07'),
(1303, 2009873031, '2018-06-07'),
(1304, 2009873032, '2018-06-07'),
(1305, 2009873033, '2018-06-07'),
(1306, 2009873034, '2018-06-07'),
(1307, 2009873035, '2018-06-07'),
(1308, 2009873036, '2018-06-07'),
(1309, 2009873037, '2018-06-07'),
(1310, 2009873038, '2018-06-07'),
(1311, 2009873039, '2018-06-07'),
(1312, 2009873040, '2018-06-07'),
(1313, 2009873041, '2018-06-07'),
(1314, 2009873042, '2018-06-07'),
(1315, 2009873043, '2018-06-07'),
(1316, 2009873044, '2018-06-07'),
(1317, 2009873045, '2018-06-07'),
(1318, 2009873046, '2018-06-07'),
(1319, 2009873047, '2018-06-07'),
(1320, 2009873048, '2018-06-07'),
(1321, 2009873049, '2018-06-07'),
(1322, 2009873050, '2018-06-07'),
(1323, 2009873051, '2018-06-07'),
(1324, 2009873052, '2018-06-07'),
(1325, 2009873053, '2018-06-07'),
(1326, 2009873054, '2018-06-07'),
(1327, 2009873055, '2018-06-07'),
(1328, 2009873056, '2018-06-07'),
(1329, 2009873057, '2018-06-07'),
(1330, 2009873058, '2018-06-07'),
(1331, 2009873059, '2018-06-07'),
(1332, 2009873060, '2018-06-07'),
(1333, 2009873061, '2018-06-07'),
(1334, 2009873062, '2018-06-07'),
(1335, 2009873063, '2018-06-07'),
(1336, 2009873064, '2018-06-07'),
(1337, 2009873065, '2018-06-07'),
(1338, 2009873066, '2018-06-07'),
(1339, 2009873067, '2018-06-07'),
(1340, 2009873068, '2018-06-07'),
(1341, 2009873069, '2018-06-07'),
(1342, 2009873070, '2018-06-07'),
(1343, 2009873071, '2018-06-07'),
(1344, 2009873072, '2018-06-07'),
(1345, 2009873073, '2018-06-07'),
(1346, 2009873074, '2018-06-07'),
(1347, 2009873075, '2018-06-07'),
(1348, 2009873076, '2018-06-07'),
(1349, 2009873077, '2018-06-07'),
(1350, 2009873078, '2018-06-07'),
(1351, 2009873079, '2018-06-07'),
(1352, 2009873080, '2018-06-07'),
(1353, 2009873081, '2018-06-07'),
(1354, 2009873082, '2018-06-07'),
(1355, 2009873083, '2018-06-07'),
(1356, 2009873084, '2018-06-07'),
(1357, 2009873085, '2018-06-07'),
(1358, 2009873086, '2018-06-07'),
(1359, 2009873087, '2018-06-07'),
(1360, 2009873088, '2018-06-07'),
(1361, 2009873089, '2018-06-07'),
(1362, 2009873090, '2018-06-07'),
(1363, 2009873091, '2018-06-07'),
(1364, 2009873092, '2018-06-07'),
(1365, 2009873093, '2018-06-07'),
(1366, 2009873094, '2018-06-07'),
(1367, 2009873095, '2018-06-07'),
(1368, 2009873096, '2018-06-07'),
(1369, 2009873097, '2018-06-07'),
(1370, 2009873098, '2018-06-07'),
(1371, 2009873099, '2018-06-07'),
(1372, 2009873100, '2018-06-07'),
(1373, 2009873101, '2018-06-07'),
(1374, 2009873102, '2018-06-07'),
(1375, 2009873103, '2018-06-07'),
(1376, 2009873104, '2018-06-07'),
(1377, 2009873105, '2018-06-07'),
(1378, 2009873106, '2018-06-07'),
(1379, 2009873107, '2018-06-07'),
(1380, 2009873108, '2018-06-07'),
(1381, 2009873109, '2018-06-07'),
(1382, 2009873110, '2018-06-07'),
(1383, 2009873111, '2018-06-07'),
(1384, 2009873112, '2018-06-07'),
(1385, 2009873113, '2018-06-07'),
(1386, 2009873114, '2018-06-07'),
(1387, 2009873115, '2018-06-07'),
(1388, 2009873116, '2018-06-07'),
(1389, 2009873117, '2018-06-07'),
(1390, 2009873118, '2018-06-07'),
(1391, 2009873119, '2018-06-07'),
(1392, 2009873120, '2018-06-07'),
(1393, 2009873121, '2018-06-07'),
(1394, 2009873122, '2018-06-07'),
(1395, 2009873123, '2018-06-07'),
(1396, 2009873124, '2018-06-07'),
(1397, 2009873125, '2018-06-07'),
(1398, 2009873126, '2018-06-07'),
(1399, 2009873127, '2018-06-07'),
(1400, 2009873128, '2018-06-07'),
(1401, 2009873129, '2018-06-07'),
(1402, 2009873130, '2018-06-07'),
(1403, 2009873131, '2018-06-07'),
(1404, 2009873132, '2018-06-07'),
(1405, 2009873133, '2018-06-07'),
(1406, 2009873134, '2018-06-07'),
(1407, 2009873135, '2018-06-07'),
(1408, 2009873136, '2018-06-07'),
(1409, 2009873137, '2018-06-07'),
(1410, 2009873138, '2018-06-07'),
(1411, 2009873139, '2018-06-07'),
(1412, 2009873140, '2018-06-07'),
(1413, 2009873141, '2018-06-07'),
(1414, 2009873142, '2018-06-07'),
(1415, 2009873143, '2018-06-07'),
(1416, 2009873144, '2018-06-07'),
(1417, 2009873145, '2018-06-07'),
(1418, 2009873146, '2018-06-07'),
(1419, 2009873147, '2018-06-07'),
(1420, 2009873148, '2018-06-07'),
(1421, 2009872874, '2018-06-08'),
(1422, 2009872875, '2018-06-08'),
(1423, 2009872876, '2018-06-08'),
(1424, 2009872877, '2018-06-08'),
(1425, 2009872878, '2018-06-08'),
(1426, 2009872879, '2018-06-08'),
(1427, 2009872880, '2018-06-08'),
(1428, 2009872881, '2018-06-08'),
(1429, 2009872882, '2018-06-08'),
(1430, 2009872883, '2018-06-08'),
(1431, 2009872884, '2018-06-08'),
(1432, 2009872885, '2018-06-08'),
(1433, 2009872886, '2018-06-08'),
(1434, 2009872887, '2018-06-08'),
(1435, 2009872888, '2018-06-08'),
(1436, 2009872889, '2018-06-08'),
(1437, 2009872890, '2018-06-08'),
(1438, 2009872891, '2018-06-08'),
(1439, 2009872892, '2018-06-08'),
(1440, 2009872893, '2018-06-08'),
(1441, 2009872894, '2018-06-08'),
(1442, 2009872895, '2018-06-08'),
(1443, 2009872896, '2018-06-08'),
(1444, 2009872897, '2018-06-08'),
(1445, 2009872898, '2018-06-08'),
(1446, 2009872899, '2018-06-08'),
(1447, 2009872900, '2018-06-08'),
(1448, 2009872901, '2018-06-08'),
(1449, 2009872902, '2018-06-08'),
(1450, 2009872903, '2018-06-08'),
(1451, 2009872904, '2018-06-08'),
(1452, 2009872905, '2018-06-08'),
(1453, 2009872906, '2018-06-08'),
(1454, 2009872907, '2018-06-08'),
(1455, 2009872908, '2018-06-08'),
(1456, 2009872909, '2018-06-08'),
(1457, 2009872910, '2018-06-08'),
(1458, 2009872911, '2018-06-08'),
(1459, 2009872912, '2018-06-08'),
(1460, 2009872913, '2018-06-08'),
(1461, 2009872914, '2018-06-08'),
(1462, 2009872915, '2018-06-08'),
(1463, 2009872916, '2018-06-08'),
(1464, 2009872917, '2018-06-08'),
(1465, 2009872918, '2018-06-08'),
(1466, 2009872919, '2018-06-08'),
(1467, 2009872920, '2018-06-08'),
(1468, 2009872921, '2018-06-08'),
(1469, 2009872922, '2018-06-08'),
(1470, 2009872923, '2018-06-08'),
(1471, 2009872924, '2018-06-08'),
(1472, 2009872925, '2018-06-08'),
(1473, 2009872926, '2018-06-08'),
(1474, 2009872927, '2018-06-08'),
(1475, 2009872928, '2018-06-08'),
(1476, 2009872929, '2018-06-08'),
(1477, 2009872930, '2018-06-08'),
(1478, 2009872931, '2018-06-08'),
(1479, 2009872932, '2018-06-08'),
(1480, 2009872933, '2018-06-08'),
(1481, 2009872934, '2018-06-08'),
(1482, 2009872935, '2018-06-08'),
(1483, 2009872936, '2018-06-08'),
(1484, 2009872937, '2018-06-08'),
(1485, 2009872938, '2018-06-08'),
(1486, 2009872939, '2018-06-08'),
(1487, 2009872940, '2018-06-08'),
(1488, 2009872941, '2018-06-08'),
(1489, 2009872942, '2018-06-08'),
(1490, 2009872943, '2018-06-08'),
(1491, 2009872944, '2018-06-08'),
(1492, 2009872945, '2018-06-08'),
(1493, 2009872946, '2018-06-08'),
(1494, 2009872947, '2018-06-08'),
(1495, 2009872948, '2018-06-08'),
(1496, 2009872949, '2018-06-08'),
(1497, 2009872950, '2018-06-08'),
(1498, 2009872951, '2018-06-08'),
(1499, 2009872952, '2018-06-08'),
(1500, 2009872953, '2018-06-08'),
(1501, 2009872954, '2018-06-08'),
(1502, 2009872955, '2018-06-08'),
(1503, 2009872956, '2018-06-08'),
(1504, 2009872957, '2018-06-08'),
(1505, 2009872958, '2018-06-08'),
(1506, 2009872959, '2018-06-08'),
(1507, 2009872960, '2018-06-08'),
(1508, 2009872961, '2018-06-08'),
(1509, 2009872962, '2018-06-08'),
(1510, 2009872963, '2018-06-08'),
(1511, 2009872964, '2018-06-08'),
(1512, 2009872965, '2018-06-08'),
(1513, 2009872966, '2018-06-08'),
(1514, 2009872967, '2018-06-08'),
(1515, 2009872968, '2018-06-08'),
(1516, 2009872969, '2018-06-08'),
(1517, 2009872970, '2018-06-08'),
(1518, 2009872971, '2018-06-08'),
(1519, 2009872972, '2018-06-08'),
(1520, 2009872973, '2018-06-08'),
(1521, 2009872974, '2018-06-08'),
(1522, 2009872975, '2018-06-08'),
(1523, 2009872976, '2018-06-08'),
(1524, 2009872977, '2018-06-08'),
(1525, 2009872978, '2018-06-08'),
(1526, 2009872979, '2018-06-08'),
(1527, 2009872980, '2018-06-08'),
(1528, 2009872981, '2018-06-08'),
(1529, 2009872982, '2018-06-08'),
(1530, 2009872983, '2018-06-08'),
(1531, 2009872984, '2018-06-08'),
(1532, 2009872985, '2018-06-08'),
(1533, 2009872986, '2018-06-08'),
(1534, 2009872987, '2018-06-08'),
(1535, 2009872988, '2018-06-08'),
(1536, 2009872989, '2018-06-08'),
(1537, 2009872990, '2018-06-08'),
(1538, 2009872991, '2018-06-08'),
(1539, 2009872992, '2018-06-08'),
(1540, 2009872993, '2018-06-08'),
(1541, 2009872994, '2018-06-08'),
(1542, 2009872995, '2018-06-08'),
(1543, 2009872996, '2018-06-08'),
(1544, 2009872997, '2018-06-08'),
(1545, 2009872998, '2018-06-08'),
(1546, 2009872999, '2018-06-08'),
(1547, 2009873000, '2018-06-08'),
(1548, 2009873001, '2018-06-08'),
(1549, 2009873002, '2018-06-08'),
(1550, 2009873003, '2018-06-08'),
(1551, 2009873004, '2018-06-08'),
(1552, 2009873005, '2018-06-08'),
(1553, 2009873006, '2018-06-08'),
(1554, 2009873007, '2018-06-08'),
(1555, 2009873008, '2018-06-08'),
(1556, 2009873009, '2018-06-08'),
(1557, 2009873010, '2018-06-08'),
(1558, 2009873011, '2018-06-08'),
(1559, 2009873012, '2018-06-08'),
(1560, 2009873013, '2018-06-08'),
(1561, 2009873014, '2018-06-08'),
(1562, 2009873015, '2018-06-08'),
(1563, 2009873016, '2018-06-08'),
(1564, 2009873017, '2018-06-08'),
(1565, 2009873018, '2018-06-08'),
(1566, 2009873019, '2018-06-08'),
(1567, 2009873020, '2018-06-08'),
(1568, 2009873021, '2018-06-08'),
(1569, 2009873022, '2018-06-08'),
(1570, 2009873023, '2018-06-08'),
(1571, 2009873024, '2018-06-08'),
(1572, 2009873025, '2018-06-08'),
(1573, 2009873026, '2018-06-08'),
(1574, 2009873027, '2018-06-08'),
(1575, 2009873028, '2018-06-08'),
(1576, 2009873029, '2018-06-08'),
(1577, 2009873030, '2018-06-08'),
(1578, 2009873031, '2018-06-08'),
(1579, 2009873032, '2018-06-08'),
(1580, 2009873033, '2018-06-08'),
(1581, 2009873034, '2018-06-08'),
(1582, 2009873035, '2018-06-08'),
(1583, 2009873036, '2018-06-08'),
(1584, 2009873037, '2018-06-08'),
(1585, 2009873038, '2018-06-08'),
(1586, 2009873039, '2018-06-08'),
(1587, 2009873040, '2018-06-08'),
(1588, 2009873041, '2018-06-08'),
(1589, 2009873042, '2018-06-08'),
(1590, 2009873043, '2018-06-08'),
(1591, 2009873044, '2018-06-08'),
(1592, 2009873045, '2018-06-08'),
(1593, 2009873046, '2018-06-08'),
(1594, 2009873047, '2018-06-08'),
(1595, 2009873048, '2018-06-08'),
(1596, 2009873049, '2018-06-08'),
(1597, 2009873050, '2018-06-08'),
(1598, 2009873051, '2018-06-08'),
(1599, 2009873052, '2018-06-08'),
(1600, 2009873053, '2018-06-08'),
(1601, 2009873054, '2018-06-08'),
(1602, 2009873055, '2018-06-08'),
(1603, 2009873056, '2018-06-08'),
(1604, 2009873057, '2018-06-08'),
(1605, 2009873058, '2018-06-08'),
(1606, 2009873059, '2018-06-08'),
(1607, 2009873060, '2018-06-08'),
(1608, 2009873061, '2018-06-08'),
(1609, 2009873062, '2018-06-08'),
(1610, 2009873063, '2018-06-08'),
(1611, 2009873064, '2018-06-08'),
(1612, 2009873065, '2018-06-08'),
(1613, 2009873066, '2018-06-08'),
(1614, 2009873067, '2018-06-08'),
(1615, 2009873068, '2018-06-08'),
(1616, 2009873069, '2018-06-08'),
(1617, 2009873070, '2018-06-08'),
(1618, 2009873071, '2018-06-08'),
(1619, 2009873072, '2018-06-08'),
(1620, 2009873073, '2018-06-08'),
(1621, 2009873074, '2018-06-08'),
(1622, 2009873075, '2018-06-08'),
(1623, 2009873076, '2018-06-08'),
(1624, 2009873077, '2018-06-08'),
(1625, 2009873078, '2018-06-08'),
(1626, 2009873079, '2018-06-08'),
(1627, 2009873080, '2018-06-08'),
(1628, 2009873081, '2018-06-08'),
(1629, 2009873082, '2018-06-08'),
(1630, 2009873083, '2018-06-08'),
(1631, 2009873084, '2018-06-08'),
(1632, 2009873085, '2018-06-08'),
(1633, 2009873086, '2018-06-08'),
(1634, 2009873087, '2018-06-08'),
(1635, 2009873088, '2018-06-08'),
(1636, 2009873089, '2018-06-08');
INSERT INTO `asistencia` (`ID_ASISTENCIA`, `CODIGO`, `FECHA_ASISTENCIA`) VALUES
(1637, 2009873090, '2018-06-08'),
(1638, 2009873091, '2018-06-08'),
(1639, 2009873092, '2018-06-08'),
(1640, 2009873093, '2018-06-08'),
(1641, 2009873094, '2018-06-08'),
(1642, 2009873095, '2018-06-08'),
(1643, 2009873096, '2018-06-08'),
(1644, 2009873097, '2018-06-08'),
(1645, 2009873098, '2018-06-08'),
(1646, 2009873099, '2018-06-08'),
(1647, 2009873100, '2018-06-08'),
(1648, 2009873101, '2018-06-08'),
(1649, 2009873102, '2018-06-08'),
(1650, 2009873103, '2018-06-08'),
(1651, 2009873104, '2018-06-08'),
(1652, 2009873105, '2018-06-08'),
(1653, 2009873106, '2018-06-08'),
(1654, 2009873107, '2018-06-08'),
(1655, 2009873108, '2018-06-08'),
(1656, 2009873109, '2018-06-08'),
(1657, 2009873110, '2018-06-08'),
(1658, 2009873111, '2018-06-08'),
(1659, 2009873112, '2018-06-08'),
(1660, 2009873113, '2018-06-08'),
(1661, 2009873114, '2018-06-08'),
(1662, 2009873115, '2018-06-08'),
(1663, 2009873116, '2018-06-08'),
(1664, 2009873117, '2018-06-08'),
(1665, 2009873118, '2018-06-08'),
(1666, 2009873119, '2018-06-08'),
(1667, 2009873120, '2018-06-08'),
(1668, 2009873121, '2018-06-08'),
(1669, 2009873122, '2018-06-08'),
(1670, 2009873123, '2018-06-08'),
(1671, 2009873124, '2018-06-08'),
(1672, 2009873125, '2018-06-08'),
(1673, 2009873126, '2018-06-08'),
(1674, 2009873127, '2018-06-08'),
(1675, 2009873128, '2018-06-08'),
(1676, 2009873129, '2018-06-08'),
(1677, 2009873130, '2018-06-08'),
(1678, 2009873131, '2018-06-08'),
(1679, 2009873132, '2018-06-08'),
(1680, 2009873133, '2018-06-08'),
(1681, 2009873134, '2018-06-08'),
(1682, 2009873135, '2018-06-08'),
(1683, 2009873136, '2018-06-08'),
(1684, 2009873137, '2018-06-08'),
(1685, 2009873138, '2018-06-08'),
(1686, 2009873139, '2018-06-08'),
(1687, 2009873140, '2018-06-08'),
(1688, 2009873141, '2018-06-08'),
(1689, 2009873142, '2018-06-08'),
(1690, 2009873143, '2018-06-08'),
(1691, 2009873144, '2018-06-08'),
(1692, 2009873145, '2018-06-08'),
(1693, 2009873146, '2018-06-08'),
(1694, 2009873147, '2018-06-08'),
(1695, 2009873148, '2018-06-08'),
(1697, 2009872992, '2018-06-09'),
(1698, 2009872878, '2018-06-09'),
(1699, 98898, '2018-06-09'),
(1700, 2009872921, '2018-06-09');

-- --------------------------------------------------------

--
-- Estructura de tabla para la tabla `comensales`
--

CREATE TABLE `comensales` (
  `CODIGO` int(11) NOT NULL,
  `NOMBRE` varchar(50) NOT NULL,
  `APELLIDOS` varchar(100) NOT NULL,
  `SEXO` varchar(15) NOT NULL,
  `FECHA_REGISTRO` date NOT NULL,
  `DNI` int(8) NOT NULL,
  `FACULTAD` varchar(50) NOT NULL,
  `EDAD` int(2) NOT NULL,
  `TURNO` int(1) NOT NULL,
  `CORREO` varchar(50) NOT NULL
) ENGINE=InnoDB DEFAULT CHARSET=latin1;

--
-- Volcado de datos para la tabla `comensales`
--

INSERT INTO `comensales` (`CODIGO`, `NOMBRE`, `APELLIDOS`, `SEXO`, `FECHA_REGISTRO`, `DNI`, `FACULTAD`, `EDAD`, `TURNO`, `CORREO`) VALUES
(98898, 'Leonel', 'Messi', 'Masculino', '2018-06-09', 43534534, 'TURISMO', 23, 0, 'mesi@gmail.com'),
(444444, 'carlos', 'cacho', 'Masculino', '2018-06-09', 12345678, 'DERECHO', 21, 1, 'cacho@gmail.com'),
(2009872874, 'ANTONY', 'VARGAS PEÑA', 'Masculino', '2018-06-08', 46263698, 'ING. DE SISTEMAS', 25, 1, 'antony@gmail.com'),
(2009872875, 'ANTONY', '\'FARO	VASQUEZ\'', 'Masculino', '2018-05-28', 13029345, 'MEDICINA', 17, 0, 'coercajamarca@gmail.com'),
(2009872876, 'JULIO', '\'ALVAREZ	GUIZADO\'', 'Masculino', '2018-05-29', 13029346, 'DERECHO', 18, 0, 'robertclv@hotmail.com'),
(2009872877, 'WILSON', '\'ARAGON	ALVAREZ\'', 'Masculino', '2018-05-30', 13029347, 'INGENIERIA', 20, 0, 'rlopezv@indeci.gob.pe'),
(2009872878, 'MONICA', '\'AYBAR	SOTO\'', 'Femenino', '2018-05-31', 13029348, 'ODONTOLOGIA', 16, 0, 'argo221@hotmail.com'),
(2009872879, 'SABINO', '\'BELLIDO	HUAMANI\'', 'Masculino', '2018-06-01', 13029349, 'MATEMATICA', 17, 1, 'rmacarlupu@gmail.com'),
(2009872880, 'ROSEL', '\'CASTILLO	ROMERO\'', 'Masculino', '2018-05-28', 13029350, 'ARQUITECTURA', 18, 1, 'joalmava20@hotmail.com'),
(2009872881, 'HANS', '\'CASTRO	QUISPE\'', 'Masculino', '2018-05-29', 13029351, 'MEDICINA', 20, 1, 'publiomedina@hotmail.com'),
(2009872882, 'MIGUEL', '\'CHUQUIHUACCHA	ARANGO\'', 'Masculino', '2018-05-30', 13029352, 'DERECHO', 16, 1, 'monicamendiola@gmail.com'),
(2009872883, 'ULISES', '\'ELGUERA	GALLO\'', 'Masculino', '2018-05-31', 13029353, 'INGENIERIA', 17, 1, 'fmt2034@hotmail.com'),
(2009872884, 'WILDER', '\'ESCOBEDO	ROJAS\'', 'Masculino', '2018-06-01', 13029354, 'ODONTOLOGIA', 18, 1, 'cnacarino@indeci.gob.pe'),
(2009872885, 'IVAN', '\'HILARION	MARTINEZ\'', 'Masculino', '2018-05-28', 13029355, 'MATEMATICA', 20, 1, 'ameolivera@hotmail.com'),
(2009872886, 'GUILLERMO', '\'MEDINA	ZEGARRA\'', 'Masculino', '2018-05-29', 13029356, 'ARQUITECTURA', 16, 0, 'rocky1_40@hotmail.com'),
(2009872887, 'LIONEL', '\'MEZA	HUALLPA\'', 'Masculino', '2018-05-30', 13029357, 'MEDICINA', 17, 0, 'gobel11@hotmail.com'),
(2009872888, 'CARLOS', '\'MONTERO	QUISPE\'', 'Masculino', '2018-05-31', 13029358, 'DERECHO', 18, 0, 'fcpalomino@hotmail.com'),
(2009872889, 'CARLOS', '\'NEYRA	DAMIAN\'', 'Masculino', '2018-06-01', 13029359, 'INGENIERIA', 20, 0, 'capa__01@hotmail.com'),
(2009872890, 'YENIFER', '\'NIETO	CISNEROS\'', 'Femenino', '2018-05-28', 13029360, 'ODONTOLOGIA', 16, 1, 'pepitovasquez@gmail.com'),
(2009872891, 'LUIS', '\'OSTOS	ROJAS\'', 'Masculino', '2018-05-29', 13029361, 'MATEMATICA', 17, 1, 'erlley_kya@hotmail.com'),
(2009872892, 'ROBERTO', '\'PALMA	GARCIA\'', 'Masculino', '2018-05-30', 13029362, 'ARQUITECTURA', 18, 1, 'pepinsc@hotmail.com'),
(2009872893, 'MIRIAM', '\'PALOMARES	MORENO\'', 'Femenino', '2018-05-31', 13029363, 'MEDICINA', 20, 1, 'sylviata04@gmail.com'),
(2009872894, 'GESSABEL', '\'PATRICIO	TIPIAN\'', 'Femenino', '2018-06-01', 13029364, 'DERECHO', 16, 1, 'pepitovasquez@gmail.com'),
(2009872895, 'FERMIN', '\'PINEDO	DELGADO\'', 'Masculino', '2018-05-28', 13029365, 'INGENIERIA', 17, 1, 'l_salazar_s@hotmail.com'),
(2009872896, 'JOSE', '\'QUINTANA	GARCIA\'', 'Masculino', '2018-05-29', 13029366, 'ODONTOLOGIA', 18, 1, 'onaranjo@idiomas.udea.edu.co'),
(2009872897, 'RÓMULO', '\'QUISPE	QUINTANA\'', 'Masculino', '2018-05-30', 13029367, 'MATEMATICA', 20, 0, 'vhiguita@idiomas.udea,edu.co'),
(2009872898, 'JORGE', '\'RAMIREZ	GUZMAN\'', 'Masculino', '2018-05-31', 13029368, 'ARQUITECTURA', 16, 0, 'vhiguita@idiomas.udea.edu.co'),
(2009872899, 'AMILCAR', '\'REVELLO	COLLOMP\'', 'Masculino', '2018-06-01', 13029369, 'MEDICINA', 17, 0, 'julianaparis@hotmail.com'),
(2009872900, 'SERGIO', '\'REYES	HEREDIA\'', 'Masculino', '2018-05-28', 13029370, 'DERECHO', 18, 0, 'juanspider39@hotmail.com'),
(2009872901, 'ORLANDO', '\'TEJADA	QUISPE\'', 'Masculino', '2018-05-29', 13029371, 'INGENIERIA', 20, 1, 'aguevara@idiomas.udea.edu.co'),
(2009872902, 'ALEX', '\'YAURI	RODRIGUEZ\'', 'Masculino', '2018-05-30', 13029372, 'ODONTOLOGIA', 16, 1, 'jhutado@idomas.udea.edu.co'),
(2009872903, 'JORGE', '\'ZAVALETA	CAMPOS\'', 'Masculino', '2018-05-31', 13029373, 'MATEMATICA', 18, 1, 'domini26@latinmail.com'),
(2009872904, 'RICHARD', '\'FERNANDEZ	CRUZADO\'', 'Masculino', '2018-06-01', 13029374, 'ARQUITECTURA', 20, 1, 'juandavidlopez@ubicar.com'),
(2009872905, 'RICHAR', '\'FERNANDEZ	VILCHEZ\'', 'Masculino', '2018-05-28', 13029375, 'MEDICINA', 16, 1, 'vivian_981@yahoo.com'),
(2009872906, 'NORMAN', '\'FONG	OCHOA\'', 'Masculino', '2018-05-29', 13029376, 'DERECHO', 17, 1, 'andresiocarga@hotmail.com'),
(2009872907, 'HENRY', '\'FUENTES	VILLANUEVA\'', 'Masculino', '2018-05-30', 13029377, 'INGENIERIA', 18, 1, 'andresiocarga@hotmail.com'),
(2009872908, 'FRANK', '\'JONISLLA	PILLACA\'', 'Masculino', '2018-05-31', 13029378, 'ODONTOLOGIA', 20, 0, 'yessy_39@hotmail.com'),
(2009872909, 'FELIPE', '\'LLANCACHAGUA	CÓRDOVA\'', 'Masculino', '2018-06-01', 13029379, 'MATEMATICA', 16, 0, 'ashida_barak@yahoo.com'),
(2009872910, 'CRUZ', '\'NUNJA	LA\'', 'Masculino', '2018-05-28', 13029380, 'ARQUITECTURA', 18, 0, 'menadel@hotmail.com'),
(2009872911, 'ROBERTSON', '\'ORE	HUAMANI\'', 'Masculino', '2018-05-29', 13029381, 'MEDICINA', 20, 0, 'm.fdez_87@hotmail.com'),
(2009872912, 'CESAR', '\'OSHIRO	GUSUKUMA\'', 'Masculino', '2018-05-30', 13029382, 'DERECHO', 16, 1, 'reinald_34@hotmail.com'),
(2009872913, 'GUSTAVO', '\'OSORIO	TELLO\'', 'Masculino', '2018-05-31', 13029383, 'INGENIERIA', 17, 1, 'ibrahin@cied.rimed.cu'),
(2009872914, 'BHERRING', '\'PAUCAR	BONIFACIO\'', 'Masculino', '2018-06-01', 13029384, 'ODONTOLOGIA', 18, 1, 'maeillanes@hotmail.com'),
(2009872915, 'SERGIO', '\'PEREZ	RUIZ\'', 'Masculino', '2018-05-28', 13029385, 'MATEMATICA', 20, 1, 'osabarca@hotmail.com'),
(2009872916, 'PEDRO', '\'PIZARRO	BUSTAMANTE\'', 'Masculino', '2018-05-29', 13029386, 'ARQUITECTURA', 16, 1, 'cabrigo@garmendia.cl'),
(2009872917, 'MOISÉS', '\'POMA	POMA\'', 'Masculino', '2018-05-30', 13029387, 'MEDICINA', 18, 1, 'Sb.nashxo.sk8@hotmail.com'),
(2009872918, 'ABEL', '\'REYNALTE	CÉSPEDES\'', 'Masculino', '2018-05-31', 13029388, 'DERECHO', 20, 1, 'fran.afull@live.cl'),
(2009872919, 'JHONATAN', '\'TIRADO	TIRADO\'', 'Masculino', '2018-06-01', 13029389, 'INGENIERIA', 16, 0, 'carlosaguileram@hotmail.com'),
(2009872920, 'VIC', '\'TOMAILLA	MIÑANO\'', 'Masculino', '2018-05-28', 13029390, 'ODONTOLOGIA', 17, 0, 'ikis_rojo@hotmail.com'),
(2009872921, 'BORIS', '\'VERA	QUISPE\'', 'Masculino', '2018-05-29', 13029391, 'MATEMATICA', 18, 0, 'daniela_aguilera_m500@hotmail.com'),
(2009872922, 'CARLOS', '\'YNOQUIO	HERRERA\'', 'Masculino', '2018-05-30', 13029392, 'ARQUITECTURA', 20, 0, 'vizkala@hotmail.com'),
(2009872923, 'KORELIA', '\'HUAY	ALIAGA\'', 'Femenino', '2018-05-31', 13029393, 'MEDICINA', 16, 1, 'alexus3@hotmail.com'),
(2009872924, 'DEYVI', '\'ALVARADO	PISCONTE\'', 'Masculino', '2018-06-01', 13029394, 'DERECHO', 18, 1, 'capitanaguilera@hotmail.com'),
(2009872925, 'DIANA', '\'ANGELES	QUISPE\'', 'Femenino', '2018-05-28', 13029395, 'INGENIERIA', 20, 1, 'apalamosg@hotmail.com'),
(2009872926, 'CAROLINA', '\'BOHÓRQUEZ	VICENTE\'', 'Femenino', '2018-05-29', 13029396, 'ODONTOLOGIA', 16, 1, 'niikhox__@hotmail.com'),
(2009872927, 'ANDREA', '\'COSSIO	ARELLANO\'', 'Femenino', '2018-05-30', 13029397, 'MATEMATICA', 17, 1, 'luuuuuuci@hotmail.com'),
(2009872928, 'FRESIA', '\'DANIEL	DURAND\'', 'Femenino', '2018-05-31', 13029398, 'ARQUITECTURA', 18, 1, 'kristian_siempre_azul@hotmail.com'),
(2009872929, 'SILVIA', '\'GÓMEZ	UMIÑA\'', 'Femenino', '2018-06-01', 13029399, 'INGENIERIA', 20, 1, 'mapuchin@hotmail.com'),
(2009872930, 'MARICRUZ', '\'GUTIERREZ	TIPULA\'', 'Femenino', '2018-05-28', 13029400, 'ODONTOLOGIA', 16, 0, 'arahuetes@manquehue.net'),
(2009872931, 'SOFIA', '\'MARTINEZ	GUERRERO\'', 'Femenino', '2018-05-29', 13029401, 'MATEMATICA', 17, 0, 'eduardo.arancibia@grange.cl'),
(2009872932, 'FREDDY', '\'PELAYO	HUAPALLA\'', 'Masculino', '2018-05-30', 13029402, 'ARQUITECTURA', 18, 0, 'martacam2002@yahoo.com'),
(2009872933, 'AMALIA', '\'PINEDA	ESTEVES\'', 'Femenino', '2018-05-31', 13029403, 'ODONTOLOGIA', 20, 0, 'andrea.geoplanet@gmail.com'),
(2009872934, 'MERY', '\'PIZARRO	FALCON\'', 'Femenino', '2018-06-01', 13029404, 'MATEMATICA', 16, 1, 'faraya1910@hotmail.com'),
(2009872935, 'DAVID', '\'QUISPE	RIVEROS\'', 'Masculino', '2018-05-28', 13029405, 'ARQUITECTURA', 18, 1, 'faraya@sprint.cl'),
(2009872936, 'ROSANNA', '\'VELARDE	ANICAMA\'', 'Femenino', '2018-05-29', 13029406, 'ODONTOLOGIA', 20, 1, 'leonor.araya@gmail.com'),
(2009872937, 'MARITZA ', '\'ABARCA	\'', 'Femenino', '2018-05-28', 13029407, 'MEDICINA', 16, 0, 'paulifran@hotmail.com'),
(2009872938, 'OSVALDO ', '\'ABARCA	\'', 'Masculino', '2018-05-29', 13029408, 'DERECHO', 17, 1, 'bad.girl.-@hotmail.es'),
(2009872939, 'CAMILA ', '\'ABRIGO	\'', 'Femenino', '2018-05-30', 13029409, 'INGENIERIA', 18, 0, 'aargomedo@hecsa.cl'),
(2009872940, 'IGNACIO ', '\'ABRIGO	\'', 'Masculino', '2018-05-31', 13029410, 'ODONTOLOGIA', 20, 1, 'aargomedo@hecsa.cl'),
(2009872941, 'FRANCISCA ', '\'ABUMOHOR	\'', 'Femenino', '2018-06-01', 13029411, 'MATEMATICA', 16, 0, 'elizabetharmstrong39@gmail.com'),
(2009872942, 'CARLOS ', '\'AGUILERA	\'', 'Femenino', '2018-05-28', 13029412, 'ARQUITECTURA', 17, 1, 'c_arnes@hotmail.com'),
(2009872943, 'CATALINA ', '\'AGUILERA	\'', 'Femenino', '2018-05-29', 13029413, 'MEDICINA', 18, 1, 'aarriagada@petrok.cl'),
(2009872944, 'DANIELA ', '\'AGUILERA	\'', 'Femenino', '2018-05-30', 13029414, 'DERECHO', 20, 1, 'joy_pao_@hotmail.com'),
(2009872945, 'FRANCISCA ', '\'AGUILERA	\'', 'Femenino', '2018-05-31', 13029415, 'INGENIERIA', 16, 1, 'carlosarteaga.pef@gmail.com'),
(2009872946, 'FRANCISCO ', '\'AGUILERA	\'', 'Masculino', '2018-06-01', 13029416, 'ODONTOLOGIA', 17, 1, 'arquitectoasenjo@gmail.com'),
(2009872947, 'LUIS ', '\'AGUILERA	\'', 'Masculino', '2018-05-28', 13029417, 'MATEMATICA', 18, 1, 'masenjog@gmail.com'),
(2009872948, 'ANDREA ', '\'ALAMOS	\'', 'Masculino', '2018-05-29', 13029418, 'ARQUITECTURA', 20, 1, 'Sergio.Aspe@adretail.cl'),
(2009872949, 'NICOLAS ', '\'ALWYN	\'', 'Masculino', '2018-05-28', 13029419, 'INGENIERIA', 16, 1, 'caspe@canal13.cl'),
(2009872950, 'LUCILA ', '\'ANDRADE	\'', 'Masculino', '2018-05-29', 13029420, 'ODONTOLOGIA', 18, 1, 'bantomaui@gmail.com'),
(2009872951, 'CRISTIAN ', '\'ANGULO	\'', 'Masculino', '2018-05-30', 13029421, 'MATEMATICA', 20, 1, 'mfbanto@gmail.com'),
(2009872952, 'ALIHUEN ', '\'ANTILEO	\'', 'Femenino', '2018-05-31', 13029422, 'ARQUITECTURA', 16, 1, 'Rodrigo.banto@Uvavins.ch'),
(2009872953, 'MARÍA', '\'ARAHUETES	\'', 'Masculino', '2018-06-01', 13029423, 'ODONTOLOGIA', 17, 1, 'jbarrera05@hotmail.com'),
(2009872954, 'EDUARDO ', '\'ARANCIBIA	\'', 'Masculino', '2018-05-28', 13029424, 'MATEMATICA', 18, 0, 'claudiabergez@gmail.com'),
(2009872955, 'MARTA ', '\'ARANCIBIA	\'', 'Femenino', '2018-05-29', 13029425, 'ARQUITECTURA', 20, 0, 'michelebk@hotmail.com'),
(2009872956, 'ANDREA ', '\'ARAVENA	\'', 'Femenino', '2018-05-30', 13029426, 'ODONTOLOGIA', 16, 0, 'angelicabergez@gmail.com'),
(2009872957, 'FERNANDO ', '\'ARAYA	\'', 'Masculino', '2018-05-31', 13029427, 'MEDICINA', 18, 0, 'solbk26@hotmail.com'),
(2009872958, 'FRANCISCO ', '\'ARAYA	\'', 'Femenino', '2018-06-01', 13029428, 'DERECHO', 20, 0, 'cibravohuerta@yahoo.com'),
(2009872959, 'LEONOR ', '\'ARAYA	\'', 'Femenino', '2018-05-28', 13029429, 'INGENIERIA', 16, 0, 'sebastianatila@hotmail.com'),
(2009872960, 'PAULA ', '\'ARAYA	\'', 'Femenino', '2018-05-29', 13029430, 'ODONTOLOGIA', 17, 0, 'jabravot@yahoo.es'),
(2009872961, 'JOSEFINA ', '\'ARELLANO	\'', 'Femenino', '2018-05-28', 13029431, 'MATEMATICA', 18, 0, 'pbg@endesa.cl'),
(2009872962, 'JORGE ', '\'ARGOMEDO	\'', 'Masculino', '2018-05-29', 13029432, 'ARQUITECTURA', 20, 0, 'oscar.brito@gmail.com'),
(2009872963, 'MARILY ', '\'ARGOMEDO	\'', 'Femenino', '2018-05-30', 13029433, 'MEDICINA', 16, 0, 'anibalito@hotmail.com'),
(2009872964, 'ELIZABETH', '\'ARMSTRONG	\'', 'Femenino', '2018-05-31', 13029434, 'DERECHO', 18, 0, 'rcabbada@vtr.net'),
(2009872965, 'CAROLINA ', '\'ARNES	\'', 'Femenino', '2018-06-01', 13029435, 'INGENIERIA', 20, 0, 'superjp_coco@hotmail.com'),
(2009872966, 'ALEJANDRO ', '\'ARRIAGADA	\'', 'Masculino', '2018-05-28', 13029436, 'ODONTOLOGIA', 16, 0, 'cabbada@gmail.com'),
(2009872967, 'JOHANNA ', '\'ARRIAZA	\'', 'Femenino', '2018-05-29', 13029437, 'MATEMATICA', 17, 0, 'nina_cabbada@hotmail.com'),
(2009872968, 'GERARDO ', '\'ARTEAGA	\'', 'Masculino', '2018-05-30', 13029438, 'ARQUITECTURA', 18, 1, 'yaz_antu@yahoo.com'),
(2009872969, 'JORGE ', '\'ASENJO	\'', 'Masculino', '2018-05-31', 13029439, 'INGENIERIA', 20, 1, 'consuelo_caceres@hotmail.com'),
(2009872970, 'MARCELO ', '\'ASENJO	\'', 'Masculino', '2018-06-01', 13029440, 'ODONTOLOGIA', 16, 1, 'dantekol@hotmail.com'),
(2009872971, 'CONSUELO', '\'ASPEE  SERGIO	\'', 'Femenino', '2018-05-28', 13029441, 'MATEMATICA', 18, 1, 'lukalcagno@gmail.com'),
(2009872972, 'LUIS ', '\'ASPEE	\'', 'Masculino', '2018-05-29', 13029442, 'ARQUITECTURA', 20, 1, 'ruliandro@hotmail.com'),
(2009872973, 'MARCELO ', '\'BANTO	\'', 'Masculino', '2018-05-28', 13029443, 'ODONTOLOGIA', 16, 1, 'icalderon@tecval.cl'),
(2009872974, 'RODRIGO ', '\'BANTO	\'', 'Masculino', '2018-05-29', 13029444, 'MATEMATICA', 17, 1, 'pablo.calderon.cadiz@gmail.com'),
(2009872975, 'JORGE ', '\'BANTO	\'', 'Femenino', '2018-05-30', 13029445, 'ARQUITECTURA', 18, 1, 'allicamposv@hotmail.com'),
(2009872976, 'CLAUDIA', '\'BARRERA	\'', 'Femenino', '2018-05-31', 13029446, 'ODONTOLOGIA', 20, 1, 'campos.onfray@gmail.com'),
(2009872977, 'MICHELLE', '\'BERGEZ	\'', 'Femenino', '2018-06-01', 13029447, 'MEDICINA', 16, 1, 'jorge.campos@impromac.cl'),
(2009872978, 'MARIA', '\'BERGEZ	\'', 'Femenino', '2018-05-28', 13029448, 'DERECHO', 17, 1, 'raulcd02ster@gmail.com'),
(2009872979, 'SOLEDAD ', '\'BERGUEZ	\'', 'Masculino', '2018-05-29', 13029449, 'INGENIERIA', 18, 1, 'jaime.carmona@gendarmeria.cl '),
(2009872980, 'CARLOS ', '\'BERGUEZ	\'', 'Femenino', '2018-05-30', 13029450, 'ODONTOLOGIA', 20, 1, 'tantitamivida@gmail.com'),
(2009872981, 'FOLLERT ', '\'BRAVO	\'', 'Masculino', '2018-05-31', 13029451, 'MATEMATICA', 16, 1, 'f.casajuan@gmail.com'),
(2009872982, 'JAVIER ', '\'BRAVO	\'', 'Masculino', '2018-06-01', 13029452, 'ARQUITECTURA', 18, 1, 'jaimecasajuana@gmail.com'),
(2009872983, 'PAULINA ', '\'BRAVO	\'', 'Masculino', '2018-05-28', 13029453, 'MEDICINA', 20, 0, 'javi_javis_3@hotmail.com'),
(2009872984, 'OSCAR ', '\'BRAVO	\'', 'Femenino', '2018-05-29', 13029454, 'DERECHO', 16, 0, 'casajuana_@hotmail.com'),
(2009872985, 'ANIBAL ', '\'BRITO	\'', 'Masculino', '2018-05-28', 13029455, 'INGENIERIA', 17, 0, 'hugocastanedav@hotmail.com'),
(2009872986, 'DAVID ', '\'CABBADA	\'', 'Masculino', '2018-05-29', 13029456, 'ODONTOLOGIA', 18, 0, 'acastanon@vectorchile.cl'),
(2009872987, 'JUAN', '\'CABBADA	\'', 'Masculino', '2018-05-30', 13029457, 'MATEMATICA', 20, 0, 'claudiocastanonmigeot@gmail.com'),
(2009872988, 'NICOLAS ', '\'CABBADA	\'', 'Femenino', '2018-05-31', 13029458, 'ARQUITECTURA', 16, 0, 'c.analuz@yahoo.es'),
(2009872989, 'REGINA ', '\'CABBADA	\'', 'Femenino', '2018-06-01', 13029459, 'INGENIERIA', 17, 0, 'claudiocastanonmigeot@gmail.com'),
(2009872990, 'YASMIN ', '\'CABBADA	\'', 'Femenino', '2018-05-28', 13029460, 'ODONTOLOGIA', 18, 0, 'tango_negro@hotmail.com'),
(2009872991, 'M.CONSUELO ', '\'CABBADA	\'', 'Femenino', '2018-05-29', 13029461, 'MATEMATICA', 20, 0, 'pato_one@hotmail.com'),
(2009872992, 'DANTE ', '\'CACERES	\'', 'Masculino', '2018-05-30', 13029462, 'ARQUITECTURA', 16, 0, 'javier_celedon@hotmail.com'),
(2009872993, 'GIANCARLO ', '\'CALCAGNO	\'', 'Femenino', '2018-05-31', 13029463, 'ODONTOLOGIA', 17, 0, 'joacocordero@gmail.com'),
(2009872994, 'GIANFRANCO ', '\'CALCAGNO	\'', 'Masculino', '2018-06-01', 13029464, 'MATEMATICA', 18, 0, 'pepacordero@gmail.com'),
(2009872995, 'IVAN', '\'CALCAGNO	\'', 'Masculino', '2018-05-28', 13029465, 'ARQUITECTURA', 20, 0, 'laah.valehh@hotmail.com'),
(2009872996, 'PABLO', '\'CALDERON	\'', 'Masculino', '2018-05-29', 13029466, 'ODONTOLOGIA', 16, 0, 'annabeck_@hotmail.com'),
(2009872997, 'ALICIA ', '\'CALDERON	\'', 'Femenino', '2018-05-28', 13029467, 'MEDICINA', 18, 0, 'japacortes@yahoo.com'),
(2009872998, 'GERMAN ', '\'CAMPOS	\'', 'Masculino', '2018-05-29', 13029468, 'DERECHO', 20, 0, 'juanocortes@hotmail.com'),
(2009872999, 'JORGE', '\'CAMPOS	\'', 'Masculino', '2018-05-30', 13029469, 'INGENIERIA', 16, 0, 'pili_diami_angol@hotmail.com'),
(2009873000, 'RAUL', '\'CAMPOS	\'', 'Masculino', '2018-05-31', 13029470, 'ODONTOLOGIA', 17, 0, 'tallerlaquilla@gmail.com'),
(2009873001, 'JAIME', '\'CAÑAS	\'', 'Femenino', '2018-06-01', 13029471, 'MATEMATICA', 18, 0, 'anamariadelacarrera@gmail.com'),
(2009873002, 'CLAUDIA ', '\'CARMONA	\'', 'Femenino', '2018-05-28', 13029472, 'ARQUITECTURA', 20, 0, 'paulinadelacarrera@gmail.com'),
(2009873003, 'FELIPE ', '\'CASAJUANA	\'', 'Femenino', '2018-05-29', 13029473, 'MEDICINA', 16, 0, 'fgregoriog@vtr.net'),
(2009873004, 'JAIME ', '\'CASAJUANA	\'', 'Femenino', '2018-05-30', 13029474, 'DERECHO', 18, 0, 'anto_demarchi@hotmail.com'),
(2009873005, 'JAVIERA ', '\'CASAJUANA	\'', 'Masculino', '2018-05-31', 13029475, 'INGENIERIA', 20, 0, 'Karito_1404@hotmail.com'),
(2009873006, 'JORGE ', '\'CASAJUANA	\'', 'Femenino', '2018-06-01', 13029476, 'ODONTOLOGIA', 16, 0, 'loredicat@hotmail.com'),
(2009873007, 'HUGO ', '\'CASAJUANA	\'', 'Masculino', '2018-05-28', 13029477, 'MATEMATICA', 17, 0, 'diazma@tiscali.it'),
(2009873008, 'ALEJANDRA ', '\'CASTAÑEDA	\'', 'Masculino', '2018-05-29', 13029478, 'ARQUITECTURA', 18, 0, 'pablodubof@gmail.com'),
(2009873009, 'ALVARO', '\'CASTAÑON	\'', 'Masculino', '2018-05-28', 13029479, 'INGENIERIA', 20, 0, 'dddura69@gmail.com'),
(2009873010, 'ANA', '\'CASTAÑON	\'', 'Femenino', '2018-05-29', 13029480, 'ODONTOLOGIA', 16, 0, 'khiton_@hotmail.com'),
(2009873011, 'CLAUDIO', '\'CASTAÑON	\'', 'Masculino', '2018-05-30', 13029481, 'MATEMATICA', 18, 0, 'pecmor63@gmail.com'),
(2009873012, 'JORGE ', '\'CASTAÑON	\'', 'Masculino', '2018-05-31', 13029482, 'ARQUITECTURA', 20, 0, 'jlescote@gasco.cl'),
(2009873013, 'PATRICIO ', '\'CASTRO	\'', 'Masculino', '2018-06-01', 13029483, 'ODONTOLOGIA', 16, 0, 'aespinz@hotmail.com'),
(2009873014, 'JAVIER ', '\'CASTRO	\'', 'Femenino', '2018-05-28', 13029484, 'MATEMATICA', 17, 0, 'fespinosacl@yahoo.com'),
(2009873015, 'MARIA', '\'CELEDON	\'', 'Femenino', '2018-05-29', 13029485, 'ARQUITECTURA', 18, 0, 'ricardo.espinosa.z@hotmail.com'),
(2009873016, 'VALENTINA ', '\'CORDERO  JOAQUIN 	\'', 'Femenino', '2018-05-30', 13029486, 'ODONTOLOGIA', 20, 0, 'isabelina50@yahoo.com.es'),
(2009873017, 'ANA', '\'CORDERO	\'', 'Femenino', '2018-05-31', 13029487, 'MEDICINA', 16, 0, 'alvaro.espoz@gmail.com'),
(2009873018, 'JAIME ', '\'CORDOVA	\'', 'Masculino', '2018-06-01', 13029488, 'DERECHO', 18, 0, 'patorfebre@hotmail.com'),
(2009873019, 'JUAN ', '\'CORTES	\'', 'Femenino', '2018-05-28', 13029489, 'INGENIERIA', 20, 0, 'cfernandez@isa.cl'),
(2009873020, 'PILAR ', '\'CORTES	\'', 'Masculino', '2018-05-29', 13029490, 'ODONTOLOGIA', 16, 0, 'francis_nexos@hotmail.com'),
(2009873021, 'MARCELO ', '\'CORTES	\'', 'Masculino', '2018-05-28', 13029491, 'MATEMATICA', 17, 0, 'marcelafigueroazamora@hotmail.com'),
(2009873022, 'CAROLINA ', '\'CUADRA	\'', 'Masculino', '2018-05-29', 13029492, 'ARQUITECTURA', 18, 0, 'mafigza@gmail.com'),
(2009873023, 'LORETO ', '\'CUMPLIDO	\'', 'Femenino', '2018-05-30', 13029493, 'MEDICINA', 20, 0, 'marissaleone@hotmail.com'),
(2009873024, 'MARIA', '\'DIAZ	\'', 'Masculino', '2018-05-31', 13029494, 'DERECHO', 16, 0, 'natygris@hotmail.com'),
(2009873025, 'PABLO', '\'DIAZ	\'', 'Masculino', '2018-06-01', 13029495, 'INGENIERIA', 17, 0, 'consuelo.fornes@gmail.com'),
(2009873026, 'DIEGO ', '\'DIAZ	\'', 'Masculino', '2018-05-28', 13029496, 'ODONTOLOGIA', 18, 0, 'jmfornes@yahoo.com'),
(2009873027, 'CATALINA ', '\'DUBO	\'', 'Femenino', '2018-05-29', 13029497, 'MATEMATICA', 20, 1, 'fornickinson@hotmail.com'),
(2009873028, 'PABLO ', '\'DURAN	\'', 'Femenino', '2018-05-30', 13029498, 'ARQUITECTURA', 16, 1, 'lml@vtr.net'),
(2009873029, 'JORGE ', '\'ECHEGOYEN	\'', 'Femenino', '2018-05-31', 13029499, 'INGENIERIA', 18, 1, 'xfreitte@gmail.com'),
(2009873030, 'ANDREA ', '\'ECHIBURU	\'', 'Femenino', '2018-06-01', 13029500, 'ODONTOLOGIA', 20, 1, 'fernandofreitte.xia@gmail.com'),
(2009873031, 'FRANCISCO ', '\'ESCOTE	\'', 'Masculino', '2018-05-28', 13029501, 'MATEMATICA', 16, 1, 'hfreitte2618@gmail.com'),
(2009873032, 'RICARDO ', '\'ESPINOZA	\'', 'Femenino', '2018-05-29', 13029502, 'ARQUITECTURA', 17, 1, 'jfreitte@vtr.net'),
(2009873033, 'ALBERTO ', '\'ESPINOZA	\'', 'Masculino', '2018-05-28', 13029503, 'ODONTOLOGIA', 18, 1, 'cfalvear@hotmail.com'),
(2009873034, 'ALVARO ', '\'ESPINOZA	\'', 'Masculino', '2018-05-29', 13029504, 'MATEMATICA', 20, 1, 'debora1611@hotmail.com'),
(2009873035, 'PATRICIO ', '\'ESPOZ	\'', 'Masculino', '2018-05-30', 13029505, 'ARQUITECTURA', 16, 1, 'fernando.gaete@gmail.com'),
(2009873036, 'CLAUDIO ', '\'ESPOZ	\'', 'Femenino', '2018-05-31', 13029506, 'ODONTOLOGIA', 17, 1, 'fgaete@colegioaltamira.cl'),
(2009873037, 'FRANCIS', '\'EYSAGUIRRE	\'', 'Masculino', '2018-06-01', 13029507, 'MEDICINA', 18, 1, 'panchop71@hotmail.com'),
(2009873038, 'MARCELA ', '\'FERNANDEZ	\'', 'Masculino', '2018-05-28', 13029508, 'DERECHO', 20, 1, 'mareneegaete@hotmail.com'),
(2009873039, 'MARIO', '\'FERREIRO	\'', 'Masculino', '2018-05-29', 13029509, 'INGENIERIA', 16, 1, 'pamelagallardop@hotmail.com'),
(2009873040, 'MARITZA ', '\'FIGUEROA	\'', 'Femenino', '2018-05-30', 13029510, 'ODONTOLOGIA', 17, 1, 'aegambet@uc.cl'),
(2009873041, 'DANIELA ', '\'FIGUEROA	\'', 'Femenino', '2018-05-31', 13029511, 'MATEMATICA', 18, 1, 'filipofox@hotmail.com'),
(2009873042, 'CONSUELO ', '\'FIGUEROA	\'', 'Femenino', '2018-06-01', 13029512, 'ARQUITECTURA', 20, 1, 'katagardu@yahoo.com'),
(2009873043, 'JORGE ', '\'FLORES	\'', 'Femenino', '2018-05-28', 13029513, 'MEDICINA', 16, 1, 'vivianagarridon@hotmail.com'),
(2009873044, 'RODRIGO ', '\'FORNES	\'', 'Masculino', '2018-05-29', 13029514, 'DERECHO', 18, 1, 'ggedies@hotmail.com'),
(2009873045, 'PATRICIA ', '\'FORNES	\'', 'Femenino', '2018-05-28', 13029515, 'INGENIERIA', 20, 1, 'rickygodoy@hildegard.cl'),
(2009873046, 'XIMENA ', '\'FORNES	\'', 'Masculino', '2018-05-29', 13029516, 'ODONTOLOGIA', 16, 1, 'carlos.goldsack@nismar.cl'),
(2009873047, 'FERNANDO ', '\'FREITE	\'', 'Masculino', '2018-05-30', 13029517, 'MATEMATICA', 17, 1, 'isabel.goldsack@sekmail.com'),
(2009873048, 'HILDA ', '\'FREITE	\'', 'Masculino', '2018-05-31', 13029518, 'ARQUITECTURA', 18, 0, 'mgoldsackz@gmail.com'),
(2009873049, 'JORGE ', '\'FREITTE	\'', 'Femenino', '2018-06-01', 13029519, 'INGENIERIA', 20, 0, 'ggomara@bancoestado.cl'),
(2009873050, 'CINTIA ', '\'FREITTE	\'', 'Masculino', '2018-05-28', 13029520, 'ODONTOLOGIA', 16, 0, 'xicagogo@yahoo.es'),
(2009873051, 'DEBORA ', '\'FREITTE	\'', 'Masculino', '2018-05-29', 13029521, 'MATEMATICA', 18, 0, 'dgomezl@bancochile.cl'),
(2009873052, 'FERNANDO ', '\'FUENTES	\'', 'Masculino', '2018-05-30', 13029522, 'ARQUITECTURA', 20, 0, 'enrigom@gmail.com'),
(2009873053, 'FRANCISCA ', '\'FUENTES	\'', 'Femenino', '2018-05-31', 13029523, 'ODONTOLOGIA', 16, 0, 'ernestogomez@vtr.net '),
(2009873054, 'FRANCISCO ', '\'GAETE	\'', 'Femenino', '2018-06-01', 13029524, 'MATEMATICA', 17, 0, 'luisgabriel.gonzalez@gmail.com'),
(2009873055, 'MARIA', '\'GAETE	\'', 'Femenino', '2018-05-28', 13029525, 'ARQUITECTURA', 18, 0, 'x.josegonzalez@gmail.com'),
(2009873056, 'PAMELA ', '\'GAETE	\'', 'Femenino', '2018-05-29', 13029526, 'ODONTOLOGIA', 20, 0, 'cggreve@gmail.com'),
(2009873057, 'ADRIAN ', '\'GAETE	\'', 'Masculino', '2018-05-28', 13029527, 'MEDICINA', 16, 0, 'levaa.g@hotmail.com'),
(2009873058, 'FILIPO ', '\'GALLARDO	\'', 'Femenino', '2018-05-29', 13029528, 'DERECHO', 18, 0, 'sebastian.hannig.g@gmail.com'),
(2009873059, 'KATTY ', '\'GAMBETTA	\'', 'Masculino', '2018-05-30', 13029529, 'INGENIERIA', 20, 0, 'gala108@hotmail.com'),
(2009873060, 'VIVIANA ', '\'GAMBETTA	\'', 'Masculino', '2018-05-31', 13029530, 'ODONTOLOGIA', 16, 0, 'jhaschke@cintazul.cl'),
(2009873061, 'GERARDO ', '\'GARCIA	\'', 'Masculino', '2018-06-01', 13029531, 'MATEMATICA', 17, 0, 'sergiomherrera@gmail.com'),
(2009873062, 'RICARDO', '\'GARRIDO	\'', 'Femenino', '2018-05-28', 13029532, 'ARQUITECTURA', 18, 0, 'koenigis@googlemail.com'),
(2009873063, 'CARLOS', '\'GEDIES	\'', 'Masculino', '2018-05-29', 13029533, 'MEDICINA', 20, 0, 'iibarra@bancoestado.cl'),
(2009873064, 'ISABEL', '\'GODOY	\'', 'Masculino', '2018-05-30', 13029534, 'DERECHO', 16, 0, 'director@buinzoo.cl'),
(2009873065, 'MONICA ', '\'GOLDSACK	\'', 'Masculino', '2018-05-31', 13029535, 'INGENIERIA', 18, 0, 'siturri17@hotmail.com'),
(2009873066, 'GUILLERMO ', '\'GOLDSACK	\'', 'Femenino', '2018-06-01', 13029536, 'ODONTOLOGIA', 20, 0, 'arturojabalquinto@hotmail.com'),
(2009873067, 'XIMENA', '\'GOLDSACK	\'', 'Femenino', '2018-05-28', 13029537, 'MATEMATICA', 16, 0, 'galo.jara@gmail.com'),
(2009873068, 'DANTE ', '\'GOMARA	\'', 'Femenino', '2018-05-29', 13029538, 'ARQUITECTURA', 17, 0, 'hectorm_jc@hotmail.com'),
(2009873069, 'ENRIQUE', '\'GOMARA	\'', 'Femenino', '2018-05-28', 13029539, 'INGENIERIA', 18, 1, 'cjimenez1000@yahoo.es'),
(2009873070, 'ERNESTO', '\'GOMEZ	\'', 'Masculino', '2018-05-29', 13029540, 'ODONTOLOGIA', 20, 1, 'ejimenez@med.uchile.cl'),
(2009873071, 'GABRIEL', '\'GOMEZ	\'', 'Femenino', '2018-05-30', 13029541, 'MATEMATICA', 16, 1, 'nelsonunion@hotmail.com'),
(2009873072, 'JOSE ', '\'GOMEZ	\'', 'Masculino', '2018-05-31', 13029542, 'ARQUITECTURA', 17, 1, 'susana0413@hotmail.com'),
(2009873073, 'CARMEN', '\'GONZALEZ	\'', 'Masculino', '2018-06-01', 13029543, 'ODONTOLOGIA', 18, 1, 'verocakatalinic@hotmail.com'),
(2009873074, 'VALENTINA ', '\'GONZALEZ	\'', 'Masculino', '2018-05-28', 13029544, 'MATEMATICA', 20, 1, 'cdksfofi@hotmail.com'),
(2009873075, 'SEBASTIAN ', '\'GREVE	\'', 'Femenino', '2018-05-29', 13029545, 'ARQUITECTURA', 16, 1, 'michael.keller@udp.cl'),
(2009873076, 'ILSE ', '\'GUAJARDO	\'', 'Masculino', '2018-05-30', 13029546, 'ODONTOLOGIA', 18, 1, 'vkunstmann@gmail.com'),
(2009873077, 'JORGE ', '\'HANNIG	\'', 'Masculino', '2018-05-31', 13029547, 'MEDICINA', 20, 1, 'rlabarcajaque@gmail.com'),
(2009873078, 'SERGIO ', '\'HASCHKE	\'', 'Masculino', '2018-06-01', 13029548, 'DERECHO', 16, 1, 'carmenluzlabbe@gmail.com'),
(2009873079, 'ISABEL ', '\'HASCHKE	\'', 'Femenino', '2018-05-28', 13029549, 'INGENIERIA', 17, 1, 'escobilla3carretes@hotmail.com'),
(2009873080, 'IVAN ', '\'HERRERA	\'', 'Femenino', '2018-05-29', 13029550, 'ODONTOLOGIA', 18, 1, 'constructor77@gmail.com'),
(2009873081, 'IGNACIO ', '\'IBARRA	\'', 'Femenino', '2018-05-28', 13029551, 'MATEMATICA', 20, 1, 'jlance60@bancoestado.cl'),
(2009873082, 'SERGIO ', '\'IBARRA	\'', 'Femenino', '2018-05-29', 13029552, 'ARQUITECTURA', 16, 0, 'glazo@mbienes.cl'),
(2009873083, 'ARTURO', '\'IDALSOAGA	\'', 'Masculino', '2018-05-30', 13029553, 'MEDICINA', 17, 0, 'llazo@agrical.cl'),
(2009873084, 'GALO ', '\'ITURRI	\'', 'Femenino', '2018-05-31', 13029554, 'DERECHO', 18, 0, 'amarantasol@gmail.com'),
(2009873085, 'MAURICIO ', '\'JABALQUINTO	\'', 'Masculino', '2018-06-01', 13029555, 'INGENIERIA', 20, 0, 'rlillo_2000@hotmail.com'),
(2009873086, 'CLAUDIO ', '\'JARA	\'', 'Masculino', '2018-05-28', 13029556, 'ODONTOLOGIA', 16, 0, 'dlineros@uc.cl'),
(2009873087, 'EXEQUIEL ', '\'JARA	\'', 'Masculino', '2018-05-29', 13029557, 'MATEMATICA', 17, 0, 'monica@arrigoni.cl'),
(2009873088, 'NELSON ', '\'JIMENEZ	\'', 'Femenino', '2018-05-30', 13029558, 'ARQUITECTURA', 18, 0, 'plizama@mediplex.cl'),
(2009873089, 'SUSANA ', '\'JIMENEZ	\'', 'Masculino', '2018-05-31', 13029559, 'INGENIERIA', 20, 0, 'kresimirljubetic@vtr.net'),
(2009873090, 'VERONICA', '\'JORQUERA	\'', 'Masculino', '2018-06-01', 13029560, 'ODONTOLOGIA', 16, 0, 'flobato.c@gmail.com'),
(2009873091, 'CHRISTOPHER ', '\'JORQUERA	\'', 'Masculino', '2018-05-28', 13029561, 'MATEMATICA', 18, 0, 'hpjlr@hotmail.com'),
(2009873092, 'MICHAEL ', '\'KATALINIC	\'', 'Femenino', '2018-05-29', 13029562, 'ARQUITECTURA', 20, 0, 'pedroloiselle@hotmail.com'),
(2009873093, 'VICKY ', '\'KELLER	\'', 'Femenino', '2018-05-28', 13029563, 'ODONTOLOGIA', 16, 0, 'crilofer63@gmail.com'),
(2009873094, 'ROSA', '\'KELLER	\'', 'Femenino', '2018-05-29', 13029564, 'MATEMATICA', 17, 0, 'lexischile@gmail.com'),
(2009873095, 'CARMEN', '\'KUNSTMANN	\'', 'Femenino', '2018-05-30', 13029565, 'ARQUITECTURA', 18, 0, 'lorerlv@hotmail.com'),
(2009873096, 'VICTOR ', '\'LABARCA	\'', 'Masculino', '2018-05-31', 13029566, 'ODONTOLOGIA', 20, 0, 'juanmaceratta@hotmail.com'),
(2009873097, 'MIGUEL ', '\'LABBE	\'', 'Femenino', '2018-06-01', 13029567, 'MEDICINA', 16, 0, 'cmandak@vtr.net'),
(2009873098, 'JOSE', '\'LABBE	\'', 'Masculino', '2018-05-28', 13029568, 'DERECHO', 18, 0, 'c.marambiomelis@gmail.com'),
(2009873099, 'GONZALO ', '\'LAGOS	\'', 'Masculino', '2018-05-29', 13029569, 'INGENIERIA', 20, 0, 'emarfil@bancochile.cl'),
(2009873100, 'LAUTARO ', '\'LANCELOTTI	\'', 'Masculino', '2018-05-30', 13029570, 'ODONTOLOGIA', 16, 0, 'cmartina@uai.cl'),
(2009873101, 'ANA', '\'LAZO	\'', 'Femenino', '2018-05-31', 13029571, 'MATEMATICA', 17, 0, 'jmartinezcossio@gmail.com'),
(2009873102, 'RICARDO ', '\'LAZO	\'', 'Masculino', '2018-06-01', 13029572, 'ARQUITECTURA', 18, 0, 'p.martinez.lillo@gmail.com'),
(2009873103, 'DORITA ', '\'LETELIER	\'', 'Masculino', '2018-05-28', 13029573, 'MEDICINA', 20, 0, 'melisherman@hotmail.com'),
(2009873104, 'MONICA ', '\'LILLO	\'', 'Masculino', '2018-05-29', 13029574, 'DERECHO', 16, 0, 'aylincita11@hotmail.com'),
(2009873105, 'PATRICIO', '\'LINEROS	\'', 'Femenino', '2018-05-28', 13029575, 'INGENIERIA', 18, 0, 'd.mena@live.cl'),
(2009873106, 'KRESIMIR', '\'LINEROS	\'', 'Femenino', '2018-05-29', 13029576, 'ODONTOLOGIA', 20, 0, 'lml@vtr.net'),
(2009873107, 'FELIPE ', '\'LIZAMA	\'', 'Femenino', '2018-05-30', 13029577, 'MATEMATICA', 16, 0, 'almendrita203@hotmail.com'),
(2009873108, 'HUMBERTO ', '\'LJUBETIC	\'', 'Femenino', '2018-05-31', 13029578, 'ARQUITECTURA', 17, 0, 'cmerinosuarez@gmail.com'),
(2009873109, 'PEDRO ', '\'LOBATO	\'', 'Masculino', '2018-06-01', 13029579, 'INGENIERIA', 18, 0, 'mavmerino@hotmail.com'),
(2009873110, 'CRISTIAN ', '\'LOISELLE	\'', 'Femenino', '2018-05-28', 13029580, 'ODONTOLOGIA', 20, 0, 'mesiasivan@hotmail.com'),
(2009873111, 'JAVIER', '\'LOISELLE	\'', 'Masculino', '2018-05-29', 13029581, 'MATEMATICA', 16, 1, 'belenmirallay@hotmail.com'),
(2009873112, 'LOREDANA ', '\'LOPEZ	\'', 'Masculino', '2018-05-30', 13029582, 'ARQUITECTURA', 18, 1, 'nadia.mimica@vtr.net'),
(2009873113, 'PATRICIO ', '\'LOPEZ	\'', 'Masculino', '2018-05-31', 13029583, 'ODONTOLOGIA', 20, 1, 'mariettamolin@hotmail.com'),
(2009873114, 'CARLOS ', '\'LUPPICHINI	\'', 'Femenino', '2018-06-01', 13029584, 'MATEMATICA', 16, 1, 'el.gerardithox_lda@hotmail.com'),
(2009873115, 'CRISTINA ', '\'MACERATTA	\'', 'Masculino', '2018-05-28', 13029585, 'ARQUITECTURA', 17, 1, 'polloh2@zonahiphop.cl'),
(2009873116, 'ENRIQUE ', '\'MANDAKOVIC	\'', 'Masculino', '2018-05-29', 13029586, 'ODONTOLOGIA', 18, 1, 'ayamix.emma@gmail.com'),
(2009873117, 'CARMEN ', '\'MARAMBIO	\'', 'Masculino', '2018-05-28', 13029587, 'EDUCACION', 20, 1, 'susa.mora@gmail.com'),
(2009873118, 'JAVIER ', '\'MARFIL	\'', 'Femenino', '2018-05-29', 13029588, 'MATEMATICA', 16, 1, 'moreira.dario@gmail.com'),
(2009873119, 'PAMELA ', '\'MARTINA	\'', 'Femenino', '2018-05-30', 13029589, 'ARQUITECTURA', 17, 1, 'luighe@gmail.com'),
(2009873120, 'ANDREA ', '\'MARTINEZ	\'', 'Femenino', '2018-05-31', 13029590, 'ODONTOLOGIA', 18, 1, 'luighe@gmail.com'),
(2009873121, 'AYLIN ', '\'MARTINEZ	\'', 'Femenino', '2018-06-01', 13029591, 'MEDICINA', 20, 1, 'nydia._@hotmail.com'),
(2009873122, 'DANIELA ', '\'MELIS	\'', 'Masculino', '2018-05-28', 13029592, 'DERECHO', 16, 1, 'esa300@hotmail.com'),
(2009873123, 'LUIS ', '\'MENA	\'', 'Femenino', '2018-05-29', 13029593, 'INGENIERIA', 18, 1, 'cneira60@bancoestado.cl'),
(2009873124, 'CAROLINA ', '\'MENA	\'', 'Masculino', '2018-05-30', 13029594, 'ODONTOLOGIA', 20, 1, 'kneirac@hotmail.com'),
(2009873125, 'CLAUDIA ', '\'MENESES	\'', 'Masculino', '2018-05-31', 13029595, 'MATEMATICA', 16, 1, 'patty_neira@hotmail.com'),
(2009873126, 'VICTORIA ', '\'MERINO	\'', 'Masculino', '2018-06-01', 13029596, 'ARQUITECTURA', 17, 1, 'mneuburg@userena.cl'),
(2009873127, 'IVAN', '\'MERINO	\'', 'Femenino', '2018-05-28', 13029597, 'MEDICINA', 18, 1, 'jnietto@gmail.com'),
(2009873128, 'BELEN ', '\'MERINO	\'', 'Masculino', '2018-05-29', 13029598, 'DERECHO', 20, 1, 'giannaoginof@hotmail.com'),
(2009873129, 'NADIA ', '\'MESIAS	\'', 'Masculino', '2018-05-28', 13029599, 'INGENIERIA', 16, 1, 'panchojeda@hotmail.com'),
(2009873130, 'MARRIETTA', '\'MILLARAY	\'', 'Masculino', '2018-05-29', 13029600, 'ODONTOLOGIA', 17, 1, 'isojedap@gmail.com'),
(2009873131, 'GERARDO ', '\'MIMICA	\'', 'Femenino', '2018-05-30', 13029601, 'MATEMATICA', 18, 0, 'piaojedap23@gmail.com'),
(2009873132, 'RODRIGO ', '\'MOLIN	\'', 'Femenino', '2018-05-31', 13029602, 'ARQUITECTURA', 20, 0, 'antonietaolate@hotmail.com'),
(2009873133, 'EMMA ', '\'MOLINA	\'', 'Femenino', '2018-06-01', 13029603, 'INGENIERIA', 16, 0, 'vane_olate@hotmail.com'),
(2009873134, 'SUSANA ', '\'MOLINA	\'', 'Femenino', '2018-05-28', 13029604, 'ODONTOLOGIA', 17, 0, 'ceciliataty@gmail.com'),
(2009873135, 'DARIO ', '\'MONDACA	\'', 'Masculino', '2018-05-29', 13029605, 'MATEMATICA', 18, 0, 'eopazo@qyb.cl'),
(2009873136, 'GERMAN', '\'MORALES	\'', 'Femenino', '2018-05-30', 13029606, 'ARQUITECTURA', 20, 0, 'geov68@gmail.com'),
(2009873137, 'LUIS', '\'MOREIRA	\'', 'Masculino', '2018-05-31', 13029607, 'ODONTOLOGIA', 16, 0, 'circuloo1973@gmail.com'),
(2009873138, 'NYDIA ', '\'MOREN	\'', 'Femenino', '2018-06-01', 13029608, 'MATEMATICA', 18, 0, 'Crysty_porq@hotmail.com'),
(2009873139, 'LUIS ', '\'MOREN	\'', 'Masculino', '2018-05-28', 13029609, 'ARQUITECTURA', 20, 0, 'jorge.lov_04@hotmail.com'),
(2009873140, 'CAROLINA ', '\'MUÑOZ	\'', 'Femenino', '2018-05-29', 13029610, 'EDUCACION', 16, 0, 'rorro.osses@hotmail.com'),
(2009873141, 'KARINA ', '\'NAVARRETE	\'', 'Femenino', '2018-05-28', 13029611, 'CIVIL', 17, 0, 'mcovallej@vtr.net'),
(2009873142, 'PATRICIA ', '\'NEIRA	\'', 'Femenino', '2018-05-29', 13029612, 'SOCIALES', 18, 0, 'loreovalle@gmail.com'),
(2009873143, 'MIGUEL ', '\'NEIRA	\'', 'Masculino', '2018-05-30', 13029613, 'EDUCACION', 20, 0, 'nachosacerdote@gmail.com'),
(2009873144, 'JORGE ', '\'NEIRA	\'', 'Masculino', '2018-05-31', 13029614, 'CIVIL', 16, 0, 'nonipalomas@yahoo.es'),
(2009873145, 'GIANNA ', '\'NEUBURG	\'', 'Femenino', '2018-06-01', 13029615, 'SOCIALES', 18, 0, 'jpalomasjrpp60@yahoo.com'),
(2009873146, 'FRANCISCO ', '\'NIETO	\'', 'Masculino', '2018-05-28', 13029616, 'EDUCACION', 20, 0, 'jlpalomas@corporanda.cl'),
(2009873147, 'ISABEL ', '\'OGINO	\'', 'Femenino', '2018-05-29', 13029617, 'CIVIL', 16, 0, 'brillitox_elhi@hotmail.com'),
(2009873148, 'PIA ', '\'OJEDA	\'', 'Femenino', '2018-05-30', 13029618, 'SOCIALES', 17, 0, 'aldopastore@hotmail.com');

-- --------------------------------------------------------

--
-- Estructura de tabla para la tabla `facultad`
--

CREATE TABLE `facultad` (
  `ID_FACULTAD` int(11) NOT NULL,
  `NOMBRE` varchar(25) DEFAULT NULL
) ENGINE=InnoDB DEFAULT CHARSET=latin1;

--
-- Volcado de datos para la tabla `facultad`
--

INSERT INTO `facultad` (`ID_FACULTAD`, `NOMBRE`) VALUES
(1, 'ING. DE SISTEMAS'),
(2, 'CONTABILIDAD'),
(3, 'DERECHO'),
(4, 'EDUCACIÓN'),
(5, 'ENFERMERIA'),
(6, 'ESTOMATOLOGÍA'),
(7, 'ING. AMBIENTAL'),
(8, 'ING. CIVIL'),
(9, 'TURISMO'),
(10, 'AGRONOMÍA');

-- --------------------------------------------------------

--
-- Estructura de tabla para la tabla `menu_sistema`
--

CREATE TABLE `menu_sistema` (
  `ID` int(11) NOT NULL,
  `DESCRIPCION` varchar(50) NOT NULL,
  `IMAGEN` varchar(50) NOT NULL DEFAULT 'imagenes/not_found.png',
  `URL` varchar(50) DEFAULT NULL,
  `ORDENAMIENTO` int(11) NOT NULL DEFAULT '0',
  `ESTATUS` int(11) NOT NULL DEFAULT '0'
) ENGINE=InnoDB DEFAULT CHARSET=latin1;

--
-- Volcado de datos para la tabla `menu_sistema`
--

INSERT INTO `menu_sistema` (`ID`, `DESCRIPCION`, `IMAGEN`, `URL`, `ORDENAMIENTO`, `ESTATUS`) VALUES
(1, 'Inicio', 'imagenes/Customer.png', '#', 1, 0),
(2, 'Agregar Usuarios', 'imagenes/Proveedores.png', '/usuarios/nuevo', 3, 0),
(3, 'Listar Usuarios', 'imagenes/Product.png', '/usuarios', 2, 0),
(4, 'Comensal nuevo', 'imagenes/not_found.png', '/comensales/nuevo', 4, 0),
(5, 'Listar comensal', 'imagenes/not_found.png', '/comensales', 5, 0),
(6, 'Registrar Asistencia', 'imagenes/not_found.png', '/asistencia', 6, 0),
(7, 'Listar Asistencia', 'imagenes/not_found.png', '/asistencia/listar', 7, 0),
(8, 'reportes', 'imagenes/not_found.png', '/reportes', 8, 0),
(9, 'chart', 'imagenes/not_found.png', '/chart', 9, 0);

-- --------------------------------------------------------

--
-- Estructura de tabla para la tabla `permisosmenu`
--

CREATE TABLE `permisosmenu` (
  `ID` int(11) NOT NULL,
  `ID_USUARIO` int(11) NOT NULL,
  `ID_MENU` int(11) NOT NULL,
  `ESTATUS` int(11) NOT NULL DEFAULT '0'
) ENGINE=InnoDB DEFAULT CHARSET=latin1;

--
-- Volcado de datos para la tabla `permisosmenu`
--

INSERT INTO `permisosmenu` (`ID`, `ID_USUARIO`, `ID_MENU`, `ESTATUS`) VALUES
(1, 1, 1, 0),
(2, 1, 2, 0),
(3, 1, 3, 0),
(5, 2, 1, 0),
(6, 2, 3, 0),
(7, 2, 2, 1),
(8, 3, 1, 0),
(9, 3, 3, 0),
(10, 3, 2, 0),
(11, 1, 4, 0),
(12, 1, 5, 0),
(13, 4, 1, 0),
(14, 4, 3, 0),
(15, 4, 4, 0),
(16, 4, 5, 0),
(17, 1, 6, 0),
(18, 1, 7, 0),
(19, 5, 1, 0),
(20, 5, 3, 0),
(21, 5, 2, 0),
(22, 5, 4, 0),
(23, 5, 5, 0),
(24, 5, 6, 0),
(25, 5, 7, 0),
(26, 6, 1, 0),
(27, 6, 3, 0),
(28, 6, 2, 0),
(29, 6, 4, 0),
(30, 6, 5, 0),
(31, 6, 6, 0),
(32, 6, 7, 0),
(33, 7, 1, 0),
(34, 7, 3, 0),
(35, 7, 2, 0),
(36, 7, 4, 0),
(37, 7, 5, 0),
(38, 7, 6, 0),
(39, 7, 7, 0),
(40, 1, 8, 0),
(41, 1, 9, 0),
(42, 4, 2, 0),
(43, 4, 6, 0),
(44, 4, 7, 0),
(45, 4, 8, 0),
(46, 4, 9, 0),
(47, 6, 8, 0),
(48, 6, 9, 0),
(49, 7, 8, 0),
(50, 7, 9, 0),
(51, 2, 4, 0),
(52, 2, 5, 0),
(53, 2, 6, 0),
(54, 2, 7, 0),
(55, 2, 8, 0),
(56, 2, 9, 0),
(57, 5, 8, 0),
(58, 5, 9, 0);

-- --------------------------------------------------------

--
-- Estructura de tabla para la tabla `usuarios`
--

CREATE TABLE `usuarios` (
  `ID` int(11) NOT NULL,
  `NOMBRE` varchar(50) NOT NULL,
  `APELLIDOS` varchar(100) NOT NULL,
  `EMAIL` varchar(50) NOT NULL,
  `FECHA_REGISTRO` varchar(20) NOT NULL,
  `ESTATUS` int(11) NOT NULL DEFAULT '0',
  `TIPO` varchar(20) NOT NULL DEFAULT 'Invitado',
  `PASSWORD` varchar(50) DEFAULT '123'
) ENGINE=InnoDB DEFAULT CHARSET=latin1;

--
-- Volcado de datos para la tabla `usuarios`
--

INSERT INTO `usuarios` (`ID`, `NOMBRE`, `APELLIDOS`, `EMAIL`, `FECHA_REGISTRO`, `ESTATUS`, `TIPO`, `PASSWORD`) VALUES
(1, 'Alex', 'Sucasaca Pacsi', 'alex.jose.suca@gmail.com', '2014-07-30 14:39:06', 0, 'Administrador', '21232f297a57a5a743894a0e4a801fc3'),
(2, 'Maria', 'Cortes Crisanto', 'crisant_89@hotmail.com', '2014-07-30 14:39:06', 0, 'Invitado', '263bce650e68ab4e23f28263760b9fa5'),
(3, 'Rosario', 'Herrera Camargo', 'rosario@gmail.com', '2018-05-26 12:05:08', 0, 'Invitado', '81dc9bdb52d04dc20036dbd8313ed055'),
(4, 'Karen', 'Huaisara', 'sisgraf9@gmail.com', '2018-05-27 12:06:59', 0, 'Invitado', '81dc9bdb52d04dc20036dbd8313ed055'),
(5, 'Kevin', 'Palacios Macendo', 'kevin@gmail.com', '2018-06-02 11:31:10', 0, 'Administrador', '81dc9bdb52d04dc20036dbd8313ed055'),
(6, 'Lincol', 'Alosilla', 'lincol@gmail.com', '2018-06-02 11:45:15', 0, 'Administrador', '81dc9bdb52d04dc20036dbd8313ed055'),
(7, 'Alex', 'jefe del grupo', 'alex@gmail.com', '2018-06-02 11:46:02', 0, 'Administrador', '81dc9bdb52d04dc20036dbd8313ed055'),
(9, 'Maria', 'Rosales Aregui', 'maria.d@gmail.com', '2018-06-09 18:16:57', 0, 'Administrador', '123');

--
-- Índices para tablas volcadas
--

--
-- Indices de la tabla `asistencia`
--
ALTER TABLE `asistencia`
  ADD PRIMARY KEY (`ID_ASISTENCIA`),
  ADD KEY `CODIGO` (`CODIGO`);

--
-- Indices de la tabla `comensales`
--
ALTER TABLE `comensales`
  ADD PRIMARY KEY (`CODIGO`);

--
-- Indices de la tabla `facultad`
--
ALTER TABLE `facultad`
  ADD PRIMARY KEY (`ID_FACULTAD`);

--
-- Indices de la tabla `menu_sistema`
--
ALTER TABLE `menu_sistema`
  ADD PRIMARY KEY (`ID`);

--
-- Indices de la tabla `permisosmenu`
--
ALTER TABLE `permisosmenu`
  ADD PRIMARY KEY (`ID`);

--
-- Indices de la tabla `usuarios`
--
ALTER TABLE `usuarios`
  ADD PRIMARY KEY (`ID`);

--
-- AUTO_INCREMENT de las tablas volcadas
--

--
-- AUTO_INCREMENT de la tabla `asistencia`
--
ALTER TABLE `asistencia`
  MODIFY `ID_ASISTENCIA` int(11) NOT NULL AUTO_INCREMENT, AUTO_INCREMENT=1701;

--
-- AUTO_INCREMENT de la tabla `comensales`
--
ALTER TABLE `comensales`
  MODIFY `CODIGO` int(11) NOT NULL AUTO_INCREMENT, AUTO_INCREMENT=2009873149;

--
-- AUTO_INCREMENT de la tabla `facultad`
--
ALTER TABLE `facultad`
  MODIFY `ID_FACULTAD` int(11) NOT NULL AUTO_INCREMENT, AUTO_INCREMENT=11;

--
-- AUTO_INCREMENT de la tabla `menu_sistema`
--
ALTER TABLE `menu_sistema`
  MODIFY `ID` int(11) NOT NULL AUTO_INCREMENT, AUTO_INCREMENT=10;

--
-- AUTO_INCREMENT de la tabla `permisosmenu`
--
ALTER TABLE `permisosmenu`
  MODIFY `ID` int(11) NOT NULL AUTO_INCREMENT, AUTO_INCREMENT=59;

--
-- AUTO_INCREMENT de la tabla `usuarios`
--
ALTER TABLE `usuarios`
  MODIFY `ID` int(11) NOT NULL AUTO_INCREMENT, AUTO_INCREMENT=10;

--
-- Restricciones para tablas volcadas
--

--
-- Filtros para la tabla `asistencia`
--
ALTER TABLE `asistencia`
  ADD CONSTRAINT `asistencia_ibfk_1` FOREIGN KEY (`CODIGO`) REFERENCES `comensales` (`CODIGO`);
COMMIT;

/*!40101 SET CHARACTER_SET_CLIENT=@OLD_CHARACTER_SET_CLIENT */;
/*!40101 SET CHARACTER_SET_RESULTS=@OLD_CHARACTER_SET_RESULTS */;
/*!40101 SET COLLATION_CONNECTION=@OLD_COLLATION_CONNECTION */;
